Feature  0,Feature  1,Feature  2,target
0.18432418749151883,-0.3891245060060029,-0.47490943787234396,0
-0.5103455182017594,0.1250312377450878,-0.38656119495129077,0
-0.17264481248570843,0.6817125743516337,0.8410826487398916,1
0.6714361682742894,-1.049981422861055,-1.8058949531048158,1
-0.6528244889418893,-0.9557853506567737,-0.6900465947588472,1
0.255560635882061,-0.9143891546257805,0.4047410705177984,0
-0.23697819769814682,0.2420694042243293,1.0989573725391546,1
-0.7613271121967689,-0.5391825247857663,0.7327768023476814,1
-0.5057961034256142,0.4805481767508221,-0.5164471980395652,0
0.42576194742617934,0.05093775310913058,-0.15005440164571632,0
-0.7099050658210535,0.14656013413641913,0.04903385095521814,0
-0.2041124810285089,0.2281964824298231,-0.5849406097931937,0
-0.5068699238041209,-1.3198406992653589,-0.058464073632527216,1
0.33147345531632844,-0.7059651142879504,0.2133990988695156,0
-1.2357656271487543,0.3074288609050908,0.3361802595987241,1
0.5768133146527488,0.6084466386504197,-0.412298010768979,0
-0.6741051235988692,0.08674101229021652,1.148821155231533,1
1.0432343856707595,0.6064569355160472,-0.11309361911014713,1
-0.18029611948636348,1.0634836410838409,-1.8745187282355016,1
0.417656036123124,0.78397182015598,0.5801685141673858,0
0.040314367231364036,0.18992342175855717,1.0807903891458328,1
0.35481397542641135,0.7901202800144487,1.02424362800078,1
-0.9337038253745131,0.3690684204308317,0.20999987635165682,0
-0.14609623694270504,0.4314879915062196,0.11099664516371109,0
-0.1376717783627909,-0.04538789530542188,0.0648788039441577,0
-0.4571960709792352,-0.7647699275345113,1.1929892909819702,1
-0.18572832795876798,-0.23786149020284342,0.6790380334565939,0
-0.7512256680413599,0.3028588528658541,-0.13233097884488876,0
0.13184311035495333,-0.4679536969351994,0.6027613915438725,0
-0.285952160227745,0.3474930984932471,0.4028814122264328,0
0.6203888252234194,-0.15624526571423844,0.019011159070922424,0
0.413242381505535,1.3975545399232037,-1.1060858510550589,1
-0.044918657482508416,0.8750008963339873,-0.32336110135970086,0
-0.7242094486850962,1.3110414266024732,0.8634012061632472,1
-0.1716139303727406,-1.3364390085550066,-0.321588428705586,1
-1.5887906846362398,-0.4290018925764186,0.14940013156494697,1
-0.032110580141825794,0.017952324329154085,-1.3574139064091453,1
-0.08608848877038584,1.0701705764315501,0.44605121980039253,1
0.3684892029354311,0.45623631615253707,0.39287168556856905,0
0.2708141082300617,0.09988388164686336,-1.5065380056404232,1
0.32412834648700223,-1.4757509573730658,-0.41338716174959644,1
-0.29048956882100996,-0.7818512690760286,-0.15197211793676413,0
-0.405640295174099,-0.38668766570357704,-0.02316005947576784,0
0.8544439558092385,0.724121556360309,0.41897982381593357,1
0.23939303461198028,-0.6632135354171899,0.15317698908297517,0
1.3877587110941798,0.0026132346246530627,0.7152123712567778,1
0.2983430264431126,1.1410661812285188,0.32069718010123943,1
1.0191341162416894,-1.0153078639480853,0.8224809767791607,1
0.9868974870018603,-0.39751282375977676,-0.14794220569731129,0
-0.6731079982183783,0.05478700005453758,0.18225856900299683,0
0.012739852398398517,0.3342001225404153,-0.9665148175974179,0
-0.14929162358859807,-0.6980413378971317,-0.09281269150894819,0
-0.3132794317041059,-0.3390527287792652,0.2097105791031297,0
0.3176456040565974,-0.36048776984956277,0.024353472928125685,0
-0.3331354360845731,-0.06621078402193115,0.9374797999514737,0
0.20569528204910684,-1.411054054030689,-0.7928390519837113,1
-0.449407259493338,1.229553582370886,-0.22715293832909947,1
-0.9938831667670529,-0.6964953186873456,0.14048798203717944,1
-0.7221206501633688,0.5008836473825841,0.17239313796573522,0
-0.7448772881275383,-0.4410712620016889,1.353424549722873,1
-0.10781245523108597,0.5007084471035349,0.6764906957823311,0
0.8403209423716194,1.7868110539354107,-0.3753809092521402,1
0.5820695019927601,0.05184363178173318,-0.9121400996723994,0
1.8241299661456258,-0.5682837368785656,1.159030608286331,1
0.012454449881036158,-0.6896879320274337,0.9217192980015209,1
-0.7511621596553817,0.33488041922075656,-0.6501311108139709,0
0.62712408768664,-0.2975235175760878,-1.841457277681018,1
-0.68598144310803,-0.2811157918925674,0.8751533646977449,1
0.12150876244262528,0.3912076893509709,-0.8312709175636577,0
0.9034455118959989,-0.41830414060175924,0.38685626819473523,0
-0.0802429342366913,0.15666549912902017,0.8731014515041438,0
0.2918801925812668,0.5812843136754021,1.3412351805416636,1
-0.7086744503036536,-0.5320520587360404,-1.037173754828348,1
0.20938865595920103,0.18459395322289962,0.0036157598671874907,0
-0.050628316516722574,-1.0732988192630322,-0.2524577689719671,1
-0.1829964508562868,1.1304142549885723,0.3966299453386645,1
0.5224179010472476,0.43513052086733445,-0.6614550496000757,0
-0.02311867808651919,-1.4619023286487534,-0.06301738427910575,1
-0.5625437975618849,0.3000918313559843,0.9047563280421991,1
0.09924941577601525,-1.3909283264730874,-0.7899701229228266,1
0.6295959727791715,0.4067313674614703,0.354024126696308,0
0.46872784019626923,0.8297713221730095,0.1280015717003499,0
0.4728717595313844,-0.7719490925454044,-0.27372082461494396,0
0.18888706636587227,0.3597229136851702,-1.1180706677560392,1
0.0887959618070845,-0.12238026058345079,0.011016050189283576,0
1.357904883136479,-0.8647173610069949,0.050384009746962444,1
0.03076951727888049,0.3946642355642033,-1.7886690843564117,1
0.3100491682981396,0.013871071679635524,0.47578474274970006,0
1.5689145490338465,-0.11246194678911749,0.20903808067787716,1
0.13058869662868247,-0.9525621344411208,-0.6870348753269291,1
0.13130165440299388,1.0671167732772844,0.4282282738224392,1
0.8122092589051865,-0.7182944966768781,0.0436142400900688,1
-0.37378844031358416,0.4146219739055224,0.8755983568392299,0
0.7476722989446711,0.6167364132821663,-0.2227999642892571,0
-0.30723522881736276,-0.21861770505851946,0.1570722962527423,0
0.4700158186983568,-0.3909740735617635,0.7083971475997186,0
-0.47551912518635736,0.15787632212040548,-1.231936773192708,1
-1.3803345205138868,-0.10732826998270555,0.41600308619397036,1
1.368360544367132,0.576646303034901,-0.0340037096307283,1
0.9372220323435179,-0.9947684330907266,0.4142968337692105,1
0.007235866839245729,-0.6940314229492669,0.326756500261422,0
-0.9109710525627522,0.20698110238079429,0.10289902574831176,0
0.43780817655732096,1.454868998893743,0.014703371703291685,1
-0.4147402380866137,0.15854493992728425,0.5053054288614516,0
1.227511777112537,0.1399440570563807,-0.4606220877427794,1
1.2553343708785287,-0.8440286980090332,0.6499401491155493,1
0.7713556846203609,-0.3273476682322514,-0.10602409923682538,0
-1.8637550997559449,0.00238684360479247,0.2318045743338729,1
1.4834671332185663,-0.3716771978224838,0.022915218890813226,1
-0.3093297306450248,0.510800756722763,-0.2636328500952439,0
0.14734889658240835,-1.4437245708478395,-0.1747808033362553,1
0.15138713828408484,-0.8808703380142947,0.12245740704153547,0
-0.5509017591864686,0.14370952166870377,-0.3235955739030619,0
-0.9137677147835869,0.48769706612616764,-0.3556568710226025,1
-0.27192183306779283,0.7115564692547917,-0.4079241529512035,0
-1.0788019257925905,0.8927817813516978,-0.3902226372135842,1
-0.04817053589391396,0.2573661012287168,1.4801144522313112,1
-0.910162087842199,-0.9879117428124383,-0.412667041155161,1
0.6652256865713918,-0.6947234984012349,-0.158839623642191,0
-0.2631899353634244,0.7698615320003236,1.3326037566576676,1
0.2324621389629652,-0.3745970324864404,0.36293488251666683,0
-0.057075241148965755,0.055603476312402395,-1.4129412542042545,1
0.3810669463389607,-0.7334437894839055,-0.13458976999500266,0
1.1746876559154367,-0.3232158626871389,-0.4258282315941375,1
-0.7877497994663467,0.18290105167804116,0.1504297381370578,0
0.44241362437163784,-0.6061019206872441,-0.7572353473008142,0
-0.25275208237334573,-0.12755618144384423,0.9707504659853828,0
-0.2945985788146114,-0.044634710619890994,0.27987204990849057,0
-0.20866007941738032,0.6900066194438539,0.6494453655226007,0
-0.5363371946647791,-0.1629179074051218,-0.6535315237094828,0
-0.242451968132877,0.19682220709126264,-0.3600682217646523,0
0.03083158550628481,1.1985820851458984,-0.44027958598390665,1
0.3459075369965991,0.44881585458471157,0.7846762833288855,0
-0.5837146657024709,-0.22725410801017767,0.2919866314835168,0
0.05927437705285276,0.9973452261599789,0.28974605170092027,0
0.5311075176276358,-1.460234225721217,0.02012254863077834,1
-0.07161628299730109,-0.4231592713457293,-0.6834808523285197,0
0.3373188038323094,0.05432128011228078,-0.9072125019333489,0
-0.26503921797556723,-0.7343613782781598,-1.1534861910980496,1
0.3862812962188097,0.004541230533923777,-0.3085714224054671,0
-0.683239324994071,-0.12401129543999008,0.3475469761596839,0
0.3534573115686881,-0.9894588851586613,0.25996730817267405,0
0.2724605321152925,-0.6249815867399775,0.10870006485270324,0
0.3488284329935899,0.13069887647288084,-0.6069506070503681,0
0.1863585663204491,0.9079928435938374,-1.7157182868927137,1
1.126553067392438,-0.3614840714533589,-0.699756279099737,1
-0.02520233382409092,-1.1420706595369283,0.8235950958515077,1
-0.15353485550078427,0.3723176595681645,-0.3375803477599877,0
-0.4561685531586849,0.2555452833460179,1.087556085860961,1
-0.33882735295030014,-0.13128072138714006,-0.7822969623835054,0
0.10374224256987936,0.8531306717804323,-0.577660752748257,0
-0.7113617124499734,-0.8585610017416927,0.818908052017774,1
0.20447310901373622,1.7361593787792724,-0.45095026749790756,1
-0.23427040441287864,-0.4329167466619382,-0.7673172959371718,0
-0.41885891311780493,0.08736141361016607,1.381797972910929,1
-0.08894478418703164,0.03940346336036153,0.7737102426276132,0
0.59092355942537,-0.7988233776813273,0.3746281269048606,0
-0.03497612451787783,0.47716943898786784,-0.7938843548341706,0
0.6194586276345421,1.0413354212780948,-0.427078796328138,1
1.142243104187737,-0.22791498949456826,0.8606610438546962,1
-0.8631740342425827,-0.3593093795498861,-0.10449646556174408,0
0.2489407582285781,-0.8849720137673701,1.0208957419773128,1
1.0534925404774398,-1.132010059209267,-0.5858358644149911,1
0.703982439774805,1.204324902004235,-1.1582614542936163,1
-0.6352751064279074,0.3478393819679185,-0.9335458534319592,1
0.29571612591963103,-1.25582995475464,0.7523198870865936,1
-0.004611266221004902,0.42341157339568597,0.4725880917140862,0
0.24309474233368158,-0.034402407716137985,0.023190977858076906,0
-0.5035829687427077,-0.0782522325493962,-0.6340217992327936,0
0.013034759074478425,0.2457773808776222,-0.38166773015783256,0
1.5777674642353452,0.45117026057230514,0.3541505245530414,1
0.10627939475397655,-0.2571126609786595,-0.04026663669206432,0
-1.3361070641797708,-0.31982886551454964,-1.7139415086372178,1
0.18763951673207124,-0.41207259859231915,-1.7245041506913688,1
0.45447362192527335,0.9398527672878992,0.1389614517426218,0
-0.024525919075884726,0.16561482563036733,1.0963694127019177,1
0.15594633857406331,0.8612271758034794,-0.3628846294277056,0
0.9126234504191892,-0.28085950150236244,-0.7794224081730712,1
0.34935594744719095,-2.0185258710956195,-0.6058857643042079,1
-0.5079906491376645,0.6328070955865605,-0.2085609176290835,0
-0.5899263252960703,1.5443896109407076,0.4034095157432848,1
0.24734596943118836,-0.7099738141085106,-0.06750341647755168,0
-0.3183318819938198,0.00037332328768744174,0.42511736906289527,0
0.13777434006727135,-0.7210334753103173,0.14591980788189382,0
0.051529768879624065,0.05175808869974888,-0.10623783620498414,0
-0.2971169477336722,-0.19925180775926357,-0.9506700733220566,0
0.5870342598535981,0.6366779476249446,0.3190644831331824,0
-0.9047975502289279,-0.44181345329994826,0.01844915853235927,0
0.4217475729626759,-0.4485078241118346,-0.16685597811338093,0
-0.8680498107209691,0.4224256404721518,0.4958040008712039,1
-0.5557784774663272,-0.9413238487997012,-1.2983932709725157,1
-0.6985319383043298,-0.5988140608016246,0.8836140018341831,1
0.875268308059758,-1.1274306096448878,-0.4238221432044554,1
0.323633288656587,-1.9427793056338922,-0.35336259632036593,1
-0.5976140951497905,0.39130510256585477,-0.023988757306910052,0
-0.25915959945472555,-1.2048191533162562,-0.6536961691827303,1
-1.34902366137405,-0.6083840755534466,-0.2924632774187239,1
-0.14740928533494735,0.8532008085392624,-1.0798707474046647,1
-0.09497062186645523,0.5733280281934365,0.5610812550975073,0
0.3519575135852648,0.47087955438428936,0.2981067512229342,0
-0.45181418471005486,-0.9355657650371504,1.1610800545435414,1
0.3485940678487147,-0.040671193188775906,0.7603826116279337,0
0.5368037618227621,-0.40765441377843725,-1.8321435751168014,1
-0.7000058682019945,-0.024754118428543442,-0.5734642102201026,0
0.13725482212717502,-0.3756252299802614,0.3421524613129006,0
0.22935664764614327,-0.8337070316178672,0.8398161494566636,1
-0.622122695546561,1.4050643867147548,-0.3754531224555495,1
-0.63016806593188,-1.521563262141604,-0.5085181887491294,1
0.4606956181683276,-0.8044652524161515,-0.14247603000596942,0
0.5992176144375403,-0.3785341904483119,-0.06401669784034815,0
0.3270253067654025,-0.8339399034284458,0.1218022447203725,0
0.7958025678429037,-0.841041215070415,1.1615451845190243,1
-0.20973314565876577,0.17064037662871454,-0.8138898637685733,0
1.095969128182239,-0.5538437143976426,-0.2277318820682544,1
1.0193429472129392,-1.747716586722441,-0.5634900390385603,1
-0.22465849940167318,0.9062590185128263,0.39434713084585427,0
0.23061087159626478,-0.8846708938966014,0.6533857712807919,1
0.6380063080943713,-0.6418805506458847,1.0742959649547996,1
0.6714647607897626,-0.04201287758320854,1.3120389764051406,1
0.5593440538893365,-0.6430340360113349,0.9919253698728261,1
-0.7297025495659804,0.42107565185558316,-0.4171185824812972,0
-0.05531742951697076,-1.302418405510901,0.6307870490471065,1
-0.13884030977294337,-0.05062973607318175,-0.02632009584703848,0
0.7230664867148742,1.725165470938697,0.9788286969810025,1
-0.7794382539980329,0.48179393026015477,0.2889289981182981,0
1.625566452468202,-0.25656560656284794,-0.31501785391819076,1
0.7718118967059535,0.881115289551218,-1.4661082933817544,1
0.2750494972622559,0.1778186941712901,-0.13736902059723538,0
-0.7004149525115125,-0.40043296477266593,0.07046415600796749,0
0.803004706925125,-0.7822676446089506,-0.5830195548005584,1
-0.5367878528048122,0.10634446626564811,0.24165796798305494,0
-0.6788552456451314,-0.08676831905770631,0.06602423902650845,0
-0.1266380762998992,0.27988685134070207,0.48992300332290534,0
-0.7566641947136447,-1.07870919323165,-0.48925288817072354,1
-0.425470825792191,1.309758464910177,-0.009543979139391898,1
1.270218919349503,0.4992731880115114,-0.17160157650079844,1
0.22942687935198788,-1.2755236129509508,-1.6913684523709742,1
-0.20325609020324312,0.20317221673426913,-0.032182017279533924,0
1.0770923587779881,0.5201633026424594,1.259922091102807,1
-0.7036762398060226,-0.12834211675293164,-1.5394174574239488,1
0.36604020371610274,-0.5131783716849982,0.13206404566201288,0
-1.2387300287320786,-0.2757176970535773,0.11176069451272487,1
0.17859314372067328,0.979011999623747,0.31409564941895557,0
0.7446915242176576,-0.027969717522918,0.4818937644955439,0
0.7238719620176493,0.17628779858636143,0.7389891469652307,0
-0.18307346258907786,0.4148551655032809,-0.3358075960080747,0
0.042165038935217454,-0.4574533825145854,0.4937184398387109,0
1.0757328966423112,0.7059124058128556,-0.3052016500207903,1
0.8357232064559691,0.3400533735102331,-0.14320625431210546,0
0.3333784724457436,1.330792283816694,0.9513556381805025,1
1.2793727891401614,-0.15418173124184015,-0.5993676988903489,1
1.027803802643669,-0.18714064146991602,1.923450063670079,1
0.032528854536000955,-0.6396589589169225,0.829264317971553,0
-0.335837050214667,-0.46197353070027475,1.2483646651773082,1
-0.33774643046309133,-0.8875147328294873,-0.09026549095172128,0
0.4898289576253595,-0.8975522016750586,1.2038596598329407,1
-0.5523609721436338,-0.18370644128992772,1.1303371390484644,1
-0.3842593407334328,-0.5040580868712549,0.07525753572416853,0
-0.28411198819746075,0.4817959215664414,-0.8157836355379922,0
-1.568608744162108,0.9685249414209994,-0.7679565597544208,1
0.3340416825643114,1.0494285078454286,0.25145661040679707,1
-0.002386101718109396,-0.12033870064104978,-0.32048062710326736,0
-0.4438749017730733,-0.20367424099563725,1.0030531334798516,1
0.32371745124376583,-0.3513840047496862,-0.12909575981804658,0
-1.011710777060547,0.09058350048335417,-0.4815762453388261,1
0.431596953722636,-0.014779658829656957,0.0829629883565131,0
0.9592493113639727,-0.1416706663864586,0.1639371155130274,0
-0.5168455878158851,-0.02342430715924474,1.2689440345250707,1
0.4017096287602779,-0.7422185211889681,0.9634774329458619,1
0.7046817659612672,-0.3298620460444489,0.4528876063994737,0
-0.48961557030463754,-0.9944166150634199,-0.05876451396014121,1
0.8619425115314209,-1.3796373588474249,0.10153200359938219,1
1.3347967432673966,0.39354248844838147,-0.9443280736601841,1
-0.17680958608498057,0.20413722294914216,0.1840753374860813,0
1.9902612443833971,-0.07378149648897542,0.27811008214724087,1
-0.08552325605252063,0.2966542360144242,-0.6275517371738821,0
-0.38493671607256497,0.07843411537061946,-0.8138753636974738,0
0.047369590426257394,0.3648241195186512,-1.104886771319419,1
0.2190763251535635,0.448147930266346,0.2926001478568274,0
0.3894726984157948,0.31450257561188305,-0.5838253180210414,0
-0.4032993188501268,-1.2873609396684667,0.19095938942790036,1
0.2782361843295214,0.6329971963538307,0.4491342881877976,0
-0.10394611219950022,0.6815654597297809,1.563075804394086,1
1.1122929146396245,-0.329374276637912,-0.1066583687074708,1
-0.32448017405441776,0.7627425320552259,-0.027229599917065413,0
0.5871360865405052,-0.6053426785642838,0.050604971641837505,0
-0.15644993759959525,-0.1957365614740812,0.21736936060297896,0
-0.025332509643272324,-0.3757951171585553,-1.1086440316231576,1
-0.1295395713876327,0.37795256862311016,0.6276671709924223,0
0.7596575519420291,0.15863209259684483,0.6392369432834065,0
-0.9657835222026458,-0.10533720912513504,0.3555222777325838,0
0.27549882686538446,-0.6139756787647714,0.37803985221674075,0
0.5402506395786457,-1.0909254134296211,-0.4474253724616077,1
-0.6417444197881099,-0.40783891903885594,0.5341422582302108,0
-0.9304222865884038,0.198703546450413,-1.5079728287828562,1
-0.42708202126297984,0.0612282259035895,-0.1100804288221138,0
0.524763381441894,0.05333963759689362,-1.132760888821501,1
-0.38610985875460413,-0.772246306644064,0.095698663549223,0
-0.49804619986874427,-0.9959325336974687,-1.1007030443915633,1
-0.009784764099572822,-0.4877111862134803,-0.34869049167672833,0
1.5308878393643333,-0.4550361045189661,0.6560820464232376,1
-0.3925853502363222,1.3301789202784544,-1.0239004482367082,1
0.5179501330411918,0.20415845987259226,-1.1701821282574485,1
0.30086681712077823,0.8465814184642734,-0.9699197728868858,1
-0.17421937468985157,0.6974735161291807,-0.5034410970180552,0
-0.3932353369795123,-0.09196651553487774,1.180210379983614,1
-0.0730121410911819,-1.161909951136973,-0.1243478418754392,1
-0.031744166027657846,0.12904771631023743,-0.4738430024173707,0
0.07246758543754528,-0.34141066360353556,-1.2594691932361286,1
0.18722441788330632,0.9018374395016188,-0.10727830478633477,0
0.09137317404762424,0.07735380109162932,0.5131945013176318,0
0.8295243864145251,0.2613765007159334,-0.0758740736612457,0
0.3771419387397585,0.5935938721374939,0.8613937414870261,1
-0.4567656514625606,-0.5651140873724787,-0.34135121810879365,0
-0.5076453159895534,-0.16300552569544252,0.8341916947685709,0
-0.4113105187398746,-0.7175413655276174,-0.45910855498832787,0
0.4396860408931305,-1.1103165474212888,-0.5141636278785995,1
0.6294653331078269,0.7320318248020274,-1.3054519567328517,1
0.2656586164505726,-0.42471569068459103,-0.2062586285085581,0
0.02687251712140934,0.0848749650773006,0.43382271889750096,0
0.35777167389544695,-0.514966212871378,1.5309258271951303,1
-0.9615634987250707,0.5276809570224907,0.45642624163350026,1
-1.4495273791163563,0.8195891312277722,-0.2377680059274965,1
-0.8715255938433344,0.3905350311820985,0.4423878757011582,0
0.5417005597790926,0.8675728026716665,-0.07081962664245073,0
-1.8118435057967015,-0.13507702632947347,1.7059767250177342,1
-0.07385675071748174,-0.11937498527925475,0.049534359574116685,0
-0.0571897342928494,0.03695233300534314,-0.7499610346098451,0
-0.5503445491615091,0.1384835079427799,-0.6918140255799072,0
-1.7663958852870243,0.14174636472680366,0.4305611065084608,1
-1.0133913665202292,-0.3709923458705932,0.34906669033408394,1
0.6459234703452913,0.38016175014452536,0.3027733994376819,0
-0.12950694005929517,-0.25220599184564635,0.8348391953411846,0
-0.520975159304298,-1.000745028600436,0.15452690330888827,1
-1.504176934056509,-0.07007025167753705,-0.42625857354416086,1
0.5101629223147021,-0.7425616381729336,0.5356299568124525,0
-0.7983601637383853,-0.3708918371562016,0.3460400707844522,0
0.6616245368043022,0.8991252303226743,0.5102992102778641,1
1.057863077609561,0.46270639298354027,-0.03930429773080541,1
-0.17259095809025235,-0.027794449631548094,-0.09510358829825027,0
-0.42383460418681207,-1.5018210691925786,-0.37176494107334646,1
-0.2580605498723143,-0.5934108466127181,-0.7387916661383241,0
-0.8442324682529643,0.10107603163120833,1.2250731046433165,1
0.4265179228448181,-0.3847467006334971,-0.11511196781278393,0
0.32369429789920023,1.1840449546656067,-0.003956982861666423,1
0.0150412761565992,0.21837791746299778,1.2036477303886604,1
-0.23835577602041833,-0.43374118298768877,-0.2138783664191246,0
-0.5341363938596135,-0.43240838531190584,-0.9946596004126849,1
1.1692839840380707,0.09891521094196848,0.704361944627098,1
-0.13470603808815207,0.22914292214662593,-0.8115403644480718,0
-0.26729194873786105,0.1636569812958085,0.4571371360920488,0
-0.12206593440607766,0.6248419340597068,0.46126193084925676,0
-0.7352542492111701,-0.42967085137680544,-0.09709351504059081,0
0.767844118259912,0.33566233948668556,-0.017696732241167232,0
-1.1199884272272742,0.5376943598732695,0.5556446208394684,1
-0.9223992296580102,0.4735300004521996,0.2592241057861762,0
0.39874396276196244,0.4205548281316645,0.6034559287836623,0
0.9040019814701934,0.13512744687530295,0.0328355980961085,0
-1.687814297432086,-0.3506388180707658,0.7759084036094268,1
-0.45945339808362506,-0.8507914839751186,-0.7368366701946484,1
0.22088475091583143,0.8433911236256052,-0.8894471028817921,1
-0.20630450733972383,-0.0423034717822346,0.3489997674085956,0
-0.3598916311150642,-0.018083769575141066,-1.2509255687808234,1
-0.23979566332328256,0.261672724060135,-0.0874922171529237,0
0.5929025125771159,0.0578620943291286,-0.0699255443606429,0
1.1600896831559757,2.2288406916582204,-0.7944302495263442,1
0.8488208145381473,-0.4644943991833217,-0.7402778551530718,1
0.19203523740760597,-0.9027975758328077,-0.7644224105687513,1
-1.1300445663963543,0.32680542626560766,1.431403061847319,1
0.2292202260770861,-0.09202503626771931,0.06858650459408401,0
0.08133572057843921,-0.11323098563553055,0.4747091205404195,0
-0.12437005068541039,0.08711895435208818,0.38995904912342777,0
0.5352717841109522,-0.6520693541010899,0.6149042430666795,0
-0.330714691016733,0.2450152444792506,-0.033177859502669355,0
-1.1714095040199641,-0.3708408335319677,-0.5199380632781444,1
-0.5744552099855296,-0.034668979383682304,-0.11339170073842418,0
-1.5692823430596148,-0.16249287709388305,-0.6020352632113263,1
-1.0911493631509723,0.11617394270698214,1.5529642768150713,1
-0.25316500228310757,-0.09856870586739479,0.5230137593105175,0
-1.4272864566519583,0.10257555847220139,0.5608599078117336,1
-0.39886382491636313,-0.9053119222831545,0.6169204931227882,1
-1.0826564977827504,0.36363302523764457,0.40450569626429944,1
-0.2552416236295792,0.8197699655905266,-0.7644272098379816,1
0.5782480955903502,0.983025185166872,0.3944314502371473,1
-0.6945867727405748,0.04170814306901426,0.3159865756433787,0
0.27907491507909865,-0.8456170226712116,0.31438156163209424,0
0.5597900593136025,0.44131935491048635,0.44430737052888697,0
0.5007832212188313,0.16490870789851403,0.6739693772373755,0
-0.18855167022084257,-0.30352164037967233,0.4161700081443914,0
-0.6479367356199047,-0.5917923049697675,-0.09926015606142446,0
0.4271779776844906,1.6289185830174124,-1.0461250425693627,1
0.2172935750672275,0.5747803164006939,0.445214823754819,0
0.2394880992043111,0.7279363661814239,0.6168201205514375,0
0.48099539314004414,-1.369490969420865,-0.5383594741740155,1
-1.1748721031078764,-0.0467254737229592,-0.8563177669787958,1
-0.1574873178297588,0.7531903200864475,1.0271551511984107,1
1.500591037644688,0.7300631870752516,-1.0743568060572568,1
-0.3964094615996983,-2.071433033838652,1.451670440111401,1
0.1640840842794982,-1.023950257602814,-0.9952271791360752,1
-1.0112626664114368,-0.3111584405671907,0.0924475487752391,0
-0.23024178300349346,-0.11620253846924755,0.149972648203342,0
-1.3930737691455448,0.6311616307805045,-0.856427884377234,1
-1.1107809307739374,0.9585348152337431,-0.43194157944577155,1
-0.8082367065945162,0.579939415500466,-0.04574175128399205,0
0.16531160357311775,-1.1001843622492102,0.23396765595942215,1
1.853180566754148,-0.7862794243807476,1.0353296543808432,1
-0.46109647506055235,-0.7704869097096975,-0.5549104668539935,0
-0.46854575332592846,0.40347418789823847,-0.5397057253939384,0
0.36860055573154765,0.22746107796952064,0.118836228444034,0
-1.352168460477039,-0.04853159940730487,-0.9675448427582145,1
0.3229732985924259,0.40288630755040733,0.31657775878350786,0
0.3672334420055288,1.0838100791726204,-0.07690503849669963,1
0.3794708004544702,0.8384194482432682,0.5083767613277873,0
-0.01617016192413598,-0.706613384910586,-0.3569297697733779,0
1.0339286636906706,0.31723339137103335,0.6802276648072842,1
-0.6857123601667444,0.07816027254643096,-0.4428717789497296,0
-0.9406737858649026,-0.1337283107790902,0.6517050440231258,1
-0.8372360368512651,-0.2827713386230675,0.19042014568779053,0
0.9713232723195748,-0.09719077675725929,0.673784053947259,1
-0.1120973361059785,-0.01930722504464883,-0.6599201025247863,0
-0.1979851624422567,-0.9044113069270333,0.3643681091275828,0
-2.030996088357336,-0.019455975945008884,1.2531711219738624,1
-0.3876361482822122,1.3600815647654734,-0.5477354981087535,1
-1.2762443726221024,-1.1508462944960698,0.03400119185725665,1
-0.1835588048865847,-1.0628825752425857,-0.17376658704473158,1
-0.5397247802501366,0.026826100708538775,0.4831865645980808,0
0.1692845457751436,0.3533307299531525,0.3337560065024689,0
0.531310930232445,-1.1804477948295569,0.3842136766586791,1
-0.213673942198343,-1.8406958871608843,-0.2554851484813934,1
0.3186247288609028,-1.3221598132566013,-0.8215052343034059,1
-0.5351129399056621,-1.5485084878579412,0.8447042598779546,1
0.08009427539903742,-1.0170161116994882,0.6499930131010117,1
0.013023760823397195,1.1854201917440021,0.2311725629441484,1
1.619941028387868,-0.9825761141986572,-1.1634726117290664,1
0.0996216205668346,-1.2504754675067284,0.228514082160615,1
0.18211562777731158,-0.052641211869899354,-1.3567761378835053,1
0.21246745725350202,0.4399668908558045,-0.8052766202226,0
-1.7891834656856405,-0.2022355247394083,0.7784960237201559,1
-0.12371523039407192,-0.5343925271262995,0.3793697485619662,0
0.8426644523952537,-0.05919753711648094,-0.7916386592308837,1
0.285480284646074,-0.017108877353937388,-0.6390137138931746,0
-0.11023665879364462,-0.38769766538694306,0.11314997261394669,0
-1.1053428211178895,0.624452911952897,-0.0550392098363056,1
0.2451609762694749,1.775938668958847,-1.3011314510504652,1
-0.9912583927139905,0.41497063061360095,1.5488860268984586,1
-0.8470275808830257,1.3892704646528198,0.02493509672793355,1
0.5432045322367446,0.1523083296520264,0.3594002017783642,0
-0.20143739315555761,-0.18114644019217466,-0.17076448161445892,0
-0.4972208185770296,-0.024740598893882696,1.2521451375873178,1
-0.6543740285637593,0.18058358544219807,-0.633105456053331,0
0.14452487024661645,-0.8500480818885968,-0.27978851446757386,0
0.16660465178483883,0.545084005978157,-1.0455183609600853,1
-1.3995763179179672,0.5288524138196757,-0.7585438679711923,1
0.6030020484962952,0.3427578621725829,-0.59846453004641,0
-0.46535863223579643,-0.21476673457084006,-0.9516744565897113,0
-0.5344252949251321,0.74154792056781,1.1705495952891796,1
-0.28781813705969606,0.4853004349675708,0.07487868588782305,0
0.13972402043777693,1.4674310357644373,-0.48732937968229423,1
0.6594413012898653,-1.0029360279595745,-1.2450798513246353,1
-1.0711587450369966,-0.31573375050777686,0.6055653948661107,1
-0.4609177320491522,0.03351592190706865,-0.6084041252158208,0
0.42421367320894954,1.0824042938571803,0.8617947699866461,1
-0.0151089587293882,-0.5283584453072128,-1.714196727264438,1
0.3697005190348798,-0.40566716315171825,-0.017221297340774377,0
1.063078355652461,-0.2334301570496173,-0.14967115827682562,1
-0.6572634324285941,-1.0582059845182477,-0.45963633195267733,1
-0.6723954252648898,0.225228362443637,-0.7012354355987169,0
0.09267708195070426,-0.05476079623790418,-0.845200325751016,0
-0.7937590446811642,-0.6487724664969731,0.7195953241572896,1
-0.6937888005353696,-0.3283834030909042,0.3267263909395295,0
-0.7460608469955711,0.08928477253618394,-0.6962560754932803,0
-0.19271822065153338,-0.2408396553193325,0.35365453027803523,0
0.08854709499304801,-0.3036355700087453,0.08647739371631022,0
0.31382772726453384,0.5477489921179064,-0.6554388221413069,0
-0.25338475146562456,-0.4578812018664024,0.5262231895521913,0
0.6571921027480717,-0.09343467805514316,-0.37033395570933725,0
0.836856397349201,-0.8330006858367212,1.1789054750355261,1
1.295036912799159,0.8339901073655024,-0.3317572851708573,1
-0.7257526267416162,0.8697417458330483,-0.6821497483957859,1
0.7043120730184604,-0.5351349390961396,-1.0053719640165242,1
-0.649585020909198,-0.7100347454362466,-0.5429148648636489,1
0.11110621703222477,0.12458501826770796,-0.47153324978199934,0
-0.24700427531753613,-0.013731735011185933,-0.214380480360781,0
-0.15731350815568865,1.4473501387476857,-0.47725042154028824,1
-0.6368350287467183,0.4514112596524256,-0.23236835262529407,0
-0.642069981281694,-0.9986495243090452,1.0363701833421461,1
0.36118454957430157,0.7287305206539744,-0.46515927392767326,0
0.2970516629376043,0.4291081696298801,1.454195900496525,1
0.28978555137091455,-0.17059492359393336,0.4755814249681862,0
0.06864419344497107,0.6849354413681852,-0.49642650343367173,0
-0.5777689118587508,0.4661570826164119,0.6629622021537441,0
-0.307935365744254,0.3628205893564442,-0.18352721575402633,0
-0.3134478857971555,-0.6256499991006833,-0.1222913317513474,0
-0.21765345724896867,-0.5929697046887725,-0.6269780928953749,0
-0.8139886133047664,-2.0075317724441586,-0.5723186671499512,1
-0.8762880146432466,0.042378769275666826,0.19613511377499762,0
-0.7240975607446638,-0.1978557905409106,-0.6820312154917157,0
-0.10629261680932377,-0.23100910773204403,-0.7372137578154023,0
0.716042779242503,-0.11183165582638958,2.293213030818854,1
-0.635312802603434,0.01992708747739583,-0.006448104364733697,0
-0.1181728971018889,0.19981419921763555,-0.1758511817453055,0
-1.220329640945204,-0.47911056035884725,0.8443628563734173,1
-0.08630742581513753,-0.32374769862495534,-0.11268611501539534,0
0.18530921782914397,-1.3785483109658072,-0.24808801118251061,1
0.22369911444300217,-0.6259653489949193,0.12803069323366786,0
-0.5315965495576603,-0.30148034748733554,0.8120737487976192,0
0.17174351852679967,-1.4722661121246496,0.39113551948335684,1
-0.8641748611441517,0.5041660249502588,-0.1699357187289743,0
0.6328876613049962,-0.3415757453724654,0.10379833420578011,0
0.39479674596305825,0.05374392767445396,0.38095801566371607,0
-2.0479618179687664,1.4767039154089068,-0.09870477265183199,1
-0.8873643284091355,0.1306100292738908,0.6632064367540099,1
0.8835333884151486,-0.942415935570019,-0.24709091788837445,1
0.5145117844973813,0.036731288109083465,0.5180547667681719,0
-0.6645953704122363,-0.3633587818762031,-0.7489770640521632,0
0.7031804827555135,0.45679535559716505,-1.677016416727876,1
-0.04535265980999813,0.2324701297248251,0.22723386622811448,0
-0.04397568984910066,0.7950378852143111,-0.23622827546594052,0
0.27351492800007216,0.7714396567907802,1.4228900777362876,1
-0.6210259017384285,0.07063074281482602,0.3399377523726186,0
0.8703597150414034,1.1914850228709462,0.39801687322940316,1
-0.7859194583539211,0.17430520042415806,0.3522959768966954,0
1.0912379638635183,-0.3456687411241972,-0.7916890794133369,1
0.44514463796079023,-0.56873712787079,0.6331118966644366,0
0.793273297667969,1.640516527167338,0.13868588467981635,1
0.14075646060093044,-0.4244174240215967,0.0493575276374021,0
0.7567104904019458,-0.018753362260616815,-0.6235795460396408,0
0.7700043514927637,0.045452837397202496,-0.7620806408622022,0
-0.16014476025918464,0.25976664104375236,0.6460018843973081,0
-0.22616635263922213,0.10730910541833984,-0.5905352090023991,0
0.43761869811561055,1.158495276711759,0.26962661256404236,1
-0.4414788588687785,-0.13047913169932424,-0.4276190531813541,0
0.6606639450349037,-0.9665291967089861,-0.15893313985443622,1
-0.2999803881714736,-0.4029327277010136,0.23299786138387973,0
-0.4433326581423084,1.281594665911408,0.5004561929584704,1
0.4274568865970787,0.6239036916339753,-0.31967614005515443,0
-0.5507209544176069,0.9553528041026536,0.6266317988760756,1
0.7140485116322384,-0.4865957755510319,1.5927126321463432,1
0.5510829655724416,-0.02759096675050134,-0.2955066737336511,0
0.4918194649460462,0.600405860426288,-0.2078660221380542,0
0.3449778009853115,1.2758667840513354,-0.13498936568459724,1
0.2886782920037981,-1.20390841209361,0.7277229300493258,1
0.8822868807593552,-0.47622978746840045,0.1972786640199101,0
-0.48223568642165154,-0.7082523011688316,-0.19876792329318335,0
-0.7232235585989767,-0.18199269493036055,-1.1798671136187189,1
-0.4625013509486249,-1.2944529352303744,0.36147482468430486,1
0.6970163643642173,0.8396087289477552,1.8310980115854951,1
1.6319432312212834,-0.12830386730490653,-0.07519161558094388,1
-0.4449564128326311,1.0845092641756706,-0.3788688478939532,1
-1.024308812455993,-0.21190338996885322,-0.03550002515709144,0
-0.7962403917421752,-0.18126023197114902,-0.3804572186305988,0
0.5379998287067429,0.04248721424672057,0.2745780522510687,0
-0.4294644383080668,-0.05460352472752858,0.30111693874244144,0
-1.1367164812586283,-0.539327863103178,-0.5438657712323541,1
0.1912418555271127,-0.03552370786547671,-0.1689617842905193,0
0.25418777411801496,1.6610474182972297,-0.5063191694147643,1
0.17109316301564367,-1.3528934353077857,-1.219701096359567,1
0.5336770330510358,0.14101405282249407,0.3344885770763236,0
1.105500187827821,-0.5787164596050488,1.0835476093912964,1
-0.8155291632689599,-1.193132630038771,-1.2684735499620596,1
0.22569046069929888,0.9478416002274977,-1.3259471691808316,1
1.058334078577534,-0.34999344762152146,-0.3518368876863771,1
1.1214832457722763,-0.875267733078274,1.5082823637166718,1
-0.5716913091517167,-0.3547958080267399,0.6472870449396628,0
1.7159476835121108,0.30614882849389163,-0.974122676664585,1
-0.9584461209930738,-0.5013535271438996,1.3811627815596237,1
0.5436517485228749,-0.43008108791159944,0.25676152273296254,0
1.384760764798794,-0.8694228560424734,0.3512193889606353,1
0.13822645797942024,-0.06989411208406225,0.3082811543459288,0
0.589393981069052,-1.4097839927555949,0.26449793708659775,1
-0.026611753292548085,0.7801522424697626,0.0807711449679227,0
-0.10698470461465343,-0.9869720099772674,0.41814705889688797,0
-0.018069456884973398,0.8292446420125461,0.3843833555677787,0
-0.6392728183280503,-1.0952804910555873,0.18241656570475046,1
1.0057673745623865,1.2295877440742757,0.6921571655268535,1
0.6234134507026161,-0.0056375087389481885,1.046478536386423,1
0.42851374606303155,-0.905400277980422,1.240826865667845,1
0.34367955614995854,-1.0941091431353132,0.7655781861335593,1
0.2704045247185687,0.11769948517092711,0.34821562818404905,0
0.5102217404246491,-0.16324717849358475,1.0276104698659636,1
-1.1903705614278566,-0.5698361887747091,0.682253132602127,1
-0.4035785746473439,-0.5885642701004152,0.33334113667765564,0
0.05789375916388128,1.6367107686263724,-1.3203558799552297,1
0.0016178151619935114,0.7568624631444089,0.8993637564926056,1
-0.025332835197701197,1.1063701391665943,-1.8524395280821162,1
0.12965504267366232,-0.010825698169168415,0.4096209476516538,0
0.41194013005449626,-0.5656433568347405,-1.3491612496783159,1
0.35750558139711225,1.0529619768527116,1.6061575181129162,1
0.12257106633847821,0.17250096053324443,-0.15782782782839722,0
0.5953723807027078,-0.2610689150992901,-2.0555510827117396,1
-1.4889172313600094,0.8157115544707155,0.9802970598984395,1
1.313593924541672,-0.07313692008208651,-0.876142568204107,1
-0.3977240714269708,0.44717980076101155,0.6876998464042113,0
-0.6823039223021822,0.48511163960782794,0.7484191320252354,1
-0.19725657973729224,-0.19782031224929567,0.5588773273574341,0
0.3792149388083062,-1.5528968746522094,-0.11463896245472946,1
-0.9639095825847982,0.13414251755022255,-0.46809208694462107,0
0.6479415125710255,0.2450043509104623,0.7056997163744914,0
0.48582888337317187,1.0370009864830465,-0.7860059322640666,1
0.23498149135407687,-0.5292599056259718,1.0968300805428857,1
-0.9189427053343057,0.5867094192526745,0.5737440059124048,1
0.3008439270452431,-0.6837553880522801,-0.033737023467600394,0
-2.0791687428949666,0.46379188686971634,0.13769928382810964,1
-0.27219572676430487,0.38248008147604556,0.6195451595874907,0
0.8285296831335572,-0.8316801421286928,0.34475719230734647,1
-0.9157589818969301,-0.23743563788673538,1.1801764384784446,1
1.0294218361927252,0.49816135170033227,0.5579473343838232,1
0.9976798535142606,-0.06971233688271787,0.013328696207111322,0
0.7336515303366731,-0.3606360541465346,-0.19083039681822356,0
1.1166720907819767,0.5426583011020832,-0.33196852188799497,1
0.140677583704298,0.3088207915363564,0.28587956283157,0
-1.4721464022662736,1.1995758020049891,0.14921188200778138,1
0.7486341229165552,-0.122189280313857,0.5458299760195827,0
1.1158979800151632,0.6968181552166723,0.614585106253986,1
-0.5173417639135258,1.336743427904597,0.03486625558694381,1
0.2285266462272434,0.9077956074040728,0.9156930885628966,1
-0.7723817630766061,-0.22373456040391704,0.8577896098970845,1
0.865193854007057,0.775320830590094,-0.4424206528229769,1
0.351229945905575,-0.09776762495416379,0.45798495738780126,0
0.35050002429677934,0.10636222784567895,0.25806639971250833,0
-0.14800722122062412,0.7587100536396503,1.6715102708057108,1
-0.31567623619829993,0.13724235013884215,0.7591722908230241,0
0.7805591550571165,0.33599433574801474,-0.0016997722146152546,0
1.423679775880593,0.09654505848015404,-0.25832134624638137,1
-0.24653428851496087,-0.24696249110520715,-0.2274303257830938,0
1.534376876176552,-1.0066956467981671,-1.3094505531874607,1
-0.5070069812686285,-0.90833824528199,0.6914200059327638,1
-0.5080167807518858,-0.150929928400401,0.2198448479565504,0
-0.7991747178392253,1.7053129313309312,1.0722525194207697,1
0.24723991948781052,-1.106482650849612,0.06741852997175167,1
-0.7581167657496678,-2.065706737101636,0.30869439791335807,1
0.4809884295942261,0.21736714870974333,-0.5830889141319191,0
0.5540815656467886,-0.47987311064625826,-0.22502791389484886,0
0.19564994049818274,0.5849068846772931,0.00919372591512235,0
-0.5147758164668726,-0.1293273137601185,0.9721844392731596,1
-1.2855054383275242,0.5371977158876536,-0.06679239752410382,1
0.13920191483582164,0.5221747263943928,0.12117567370971122,0
0.1256535827835408,-0.9442310512631142,0.26884047863886923,0
0.2485338209898138,-1.3988164885473775,0.033187987521213824,1
-0.01575361725871762,0.2277465860435684,-0.007843231209004478,0
0.4922651116363905,-0.36606392884573263,-0.062289916016116685,0
0.16422816421819242,0.2072335332486109,-0.5051227318366709,0
0.3586969073158059,0.7542529063285464,0.8268168412156632,1
-0.3751209589026496,-0.40716498269076057,-0.1944909202327961,0
0.21764871804478958,-1.2092716674183983,-0.9533110542677977,1
0.3297651690341383,0.6981509319796958,-0.053705483855687644,0
0.8087562399611511,0.23935310514658512,-0.2936529000640717,0
0.33417688458595285,0.18104036131873158,0.6948674585587536,0
-1.0443436315612578,-0.5228145360297265,0.84280010185557,1
0.5262187622258886,0.2980780942513333,0.1886690973657983,0
-0.12761857076789354,2.2578680142811853,0.21125020740458,1
0.3841697205369157,0.03454928705655714,0.028702660110095566,0
1.443961299240564,0.20879444836137714,-0.5490678078281263,1
-1.2951949379783954,-0.7433883676488107,1.0588440975398996,1
-0.3721134279283538,0.9817030575486585,-0.272251533966896,0
-0.21781313118568174,0.5513032493911633,0.9265281998292174,1
-0.6920904606090122,-0.3141627770352969,0.2667917371770428,0
-0.030280703318751868,0.041028269246005,0.5999312301754417,0
-0.3718530849136825,0.12568830549875443,0.28318310413761577,0
0.39066939330581174,0.15833120260063582,0.964592948525238,0
-0.19284468555798018,-1.9069868333154087,-0.038392268298363445,1
-0.705735437609321,-0.27150869017833185,0.176918262494846,0
-0.15624910226601774,0.43428143837967026,0.5356388385755425,0
-1.5675276339693507,0.3554942625830804,-1.763008704389944,1
-0.5198656372164584,1.1711160860868326,-0.17187022197199278,1
0.8062071167017097,1.1176110374137387,-0.7177799865845641,1
-0.5514393066016288,0.7650787957614673,-0.954294490916139,1
-0.4465928951392066,0.179014856577363,0.5800708142240504,0
-0.5119384730886971,-0.1381618422956946,-0.3195764656318897,0
0.5944247540506525,-0.4614748413296697,-0.3154993312792658,0
0.13952327474111734,-0.43674584367435343,-0.22349725984572624,0
1.2267854177027762,-0.6058293574763222,-0.392830895041511,1
-0.4622826113700814,-0.4211961403085073,0.9718744960021928,1
0.41900833764667345,-1.912293661690474,-0.4453956383411033,1
-1.2559958274518697,-0.05699262928967529,-0.5890595870137636,1
-0.16231541081755516,-1.1592903689696823,-0.277518980515428,1
-0.017059012692199487,0.14006707758866524,-0.10207822620630307,0
1.4684825819913594,0.2700691482484821,0.3040853649214382,1
1.3076965110439847,0.5961654977403008,0.8222510436003075,1
-1.4398253255605147,0.03358295346280474,-0.17612039035680743,1
-0.05590905360282276,-0.40950258507205795,-0.34000083318754565,0
0.8432301486890775,-1.2576513415852064,0.22602797372597064,1
0.4208395685572562,-0.5785693936214785,1.479541231505635,1
-1.0970848324035605,0.46814134185471207,0.8404648737016106,1
-0.013446489560444487,-0.7088953120740357,-0.013090764001247665,0
1.1400121390082465,0.6341611618832217,-0.18987984209063122,1
0.5089457217058542,-0.9144820784358841,-0.6763026478215061,1
-0.16759277121831173,0.5302595445099213,0.19747218217021317,0
0.3513426852404297,0.75644265013888,-0.8483142576798499,1
-0.4198880733913136,-0.11711909341308925,0.05556235055990771,0
-0.5881871241813159,-0.04750222444241588,-0.5061187420022221,0
-0.8263801654245583,0.8080977618382671,0.531696946410984,1
-0.044320814720511074,0.6753876118246803,-0.6970135717560679,0
-0.569197257238717,-0.27414523995795126,-0.292470441971708,0
0.1412873126343275,0.18669038988046188,0.8996897879919342,0
0.4793659807657961,-0.34500546531810367,1.5254472667094723,1
-0.7258559292053,0.09402375828142158,-0.49506017589334134,0
0.6230648215074229,0.000937403493841964,0.2796048601913485,0
0.8257466147476568,0.1799027035734878,0.23872113170000595,0
-0.3027231334477671,1.0611974248896245,0.6011975593606909,1
0.4951938646620312,-0.4070374104402135,0.08627396730704882,0
0.20302744425673644,-0.4330586206603398,0.2556215940960765,0
-0.32609624479966204,0.5349720120372772,-0.9860569195215856,1
-0.45949699733257143,0.059515926324776015,0.00907122084316477,0
-0.21582645823484464,-0.430990211362775,-0.13220867622829346,0
0.2607337089164764,0.2784567399816526,-1.363070352762644,1
-0.13101816006260733,-0.09179709711988827,0.030979388930192808,0
-0.5542060169973289,-0.4882862607805215,-0.6478455163050788,0
0.8274554426086633,0.09496196389351487,0.05628418825404889,0
0.5366435522745653,0.19883236270024715,0.07368130721149593,0
-1.5003779877828742,-0.4297950488287554,0.9171136390353317,1
0.31205127955265716,-0.5184197186454197,0.16192490197525547,0
-0.25938402909893227,-0.27701484377397667,-0.6522424964944256,0
0.36947326709903866,0.2958522192267753,0.9910798695739438,1
0.5752435410141041,-0.8703525048709942,0.16083846220682857,0
-0.41711685805483995,0.4940475979770846,0.01782677539718788,0
-0.19049939953374836,0.5073789948612173,1.0623268593005328,1
0.447444348535632,1.6056223177453492,0.1285988622208642,1
-0.26294323019691335,-0.5151001525243197,0.2259380614670269,0
-0.2779302698821853,0.7082606558572315,0.9853211456876222,1
0.7496816150736202,1.9513743272835549,0.27747999143798385,1
-0.5920339426279774,-0.4298327189394111,-0.38121731928826486,0
0.11925686222646587,0.3124992301925168,-0.7710285818593918,0
0.6161002274615298,-0.9517513592417769,0.08936385770077251,1
-0.4623759845919695,0.0193134761100763,-0.033496144998741505,0
0.15785375000545018,-0.038815920082234626,0.20191722272730026,0
0.46060317100392034,-0.222929020784749,0.5366722825226574,0
2.776269306771444,-1.4736903922780809,1.2195446965357999,1
0.27317183775503984,-0.14458298691677965,1.2413087704870729,1
-0.8123200524473428,0.47115408778227136,0.327101440094881,0
-0.3904806593385539,0.44755038036364975,0.14348824410281322,0
0.23897205996597493,0.6302468810821753,0.002990961978227489,0
0.014851958849492251,0.482213570452984,-0.21939172756398873,0
-0.11530575599213769,-0.5267257114664343,-0.47742313674422066,0
0.5547990125207349,-0.013619145118418406,-0.18589188804492057,0
-0.3880071032695966,0.06565125919547685,0.11303553879737675,0
1.475058014601883,-0.7175433189051402,-0.25559277347576825,1
1.3443448262246542,-0.04289367280061295,-0.5009192287208262,1
-0.0683232522906598,-0.2941330355009133,-0.6687434527991581,0
0.17023820580858867,1.8396677725354922,0.39987570525246635,1
-0.3323699901242327,0.1880042991568377,-0.3088074868323042,0
-1.4324624844581517,-0.7572070069017827,1.351577398205899,1
-0.28942479763020285,0.7112960436530135,-0.7972601373310724,1
-0.9164928824999881,-0.3225261301474178,0.12828799337034485,0
-0.3460859487847983,0.7383332368252339,0.48217009634816116,0
0.7078464803345219,-1.9114738855022209,0.4793302352393025,1
0.17712519311831632,0.2449758782652492,-0.48085009200264484,0
-0.2744824606899228,0.12050246646590201,0.11354295088247944,0
-0.018671689808021173,0.1981038552264253,-0.5724761390090941,0
0.9204700930844102,1.1041551561042786,0.02263035083050869,1
-0.2722942917971571,-0.4786561367507056,0.43252045173039905,0
-0.05899955424720246,-1.0250539651634931,-0.6518533251642724,1
0.8493865100178152,-0.2885528634987689,-1.4411716797269407,1
1.305819272894824,0.41289957956994416,-0.2540578738222225,1
1.0208019791907201,-0.8884845455525106,0.5750229020455675,1
0.7285204168902143,0.1688494336214806,-0.18317045792293365,0
1.027698019441191,1.1169261756195723,-0.3697178708114584,1
0.43820216582157573,-0.44926905364948644,-0.8412213619943392,0
0.45976166207005037,-0.07012792580843497,1.3057695422952604,1
-0.9465372383199508,0.4899674571560973,-0.42840829481386095,1
0.4184757871705708,-0.25034458752250427,-0.4055977033160247,0
-1.627704065341368,-1.0714018748738443,0.9665260635394181,1
0.43553224444454086,0.41938592143971604,-0.21888238633107265,0
-1.459046361439922,-0.22440068507758523,0.665516080075372,1
-0.1509269014306751,1.0541025602586265,0.10512376712937392,0
-0.3445226216724774,-0.4777977648777122,0.02414940599969623,0
-0.7024106726250479,-0.7183348074284492,-0.9818478557801361,1
-1.2113690426049823,0.9573323366334943,-0.08099190129418389,1
-0.3740967357564636,0.5616299410175546,-0.8869165566935394,1
0.10471503296134248,-0.6230093955419518,-0.5036161316781053,0
-1.2523345838348363,0.33343081481056,-1.294814960808063,1
-0.04676282025951572,1.4847275157247934,-0.17467354812485306,1
-0.14401908989982737,-0.6208274408592707,-0.5846927055715183,0
0.4642535088774796,-0.6892040185159694,0.5565528606738145,0
-0.6771035015449725,-0.41672081721408744,-0.32430648970122616,0
-0.9606568989323963,-0.7634888746675692,-1.4296275285108322,1
1.221147850071177,-0.28258545685561115,0.15887609320819823,1
0.761446625395598,-1.5341936150611617,-0.8444194235334598,1
0.4100210185526105,-0.499848528394227,0.6049692081760711,0
0.5167282640397531,0.010092583055478162,-0.6745370322965256,0
-0.20893613658557697,0.4928211856073733,-0.23604602489870788,0
-0.4435775915616671,0.031977284197513584,0.03620238360263894,0
0.07314180266701299,1.443965815684214,0.19612204927469346,1
0.7342447269964546,-1.0743399129388433,-2.0026364287994256,1
-0.5733628447528771,-0.8892418319085845,-0.16547702930686697,0
-0.3785390702362619,0.2534649841768762,-0.5168641393092749,0
-0.07568189331670494,-0.7320268663540497,-0.3914891782102139,0
0.4941463148110945,0.29767282367380493,0.34790986388730155,0
-0.1632953723206858,0.4922922416648035,1.3074093928520516,1
0.260691396746511,-0.2781325415005395,0.02032565922121604,0
0.06906338571979286,-0.8941353983574428,-1.2679177319765536,1
-1.350118637176222,0.9321805135573134,0.05139289161347112,1
-1.5219650001074894,0.6197477303443586,-1.104142446365473,1
0.6472786712808127,-0.38858365470162015,-0.0825659708702763,0
0.1755184598030683,-0.32481720707685907,-0.60093071660176,0
1.27115633358299,0.4531443328768926,-0.4038845369466974,1
-0.316942665680574,-0.4894949021025357,-1.3922389056375388,1
0.736610574085292,0.41262813378248325,-0.09158252353775108,0
0.7975520976908906,0.10924351859276889,-0.23797861852875143,0
0.6498852135497338,-0.20525509860162952,0.18907491851740568,0
0.916319724503632,-0.5082912558146501,0.526798308755531,1
0.23394720105809114,1.0260129564141005,0.6218417532792668,1
-1.2537232815330077,0.8923132504799682,-0.6404494518796522,1
1.1863136224356425,-0.39144599969686056,0.4023317936723106,1
0.6286441778906856,0.40569857076017,-0.9024835077925973,1
0.848583968048709,-0.3478275563138974,-1.3269231436961753,1
0.7044670239022265,-0.34913862820886354,-1.1006696160145413,1
0.3836478860205044,-0.32768579310951645,-0.32932066694986833,0
1.3434193996182258,-0.09378622148129448,-0.6890962797976217,1
1.2958135123553145,0.5756922319088033,0.340872651883258,1
0.29670905667175146,-0.6108574995845346,0.9047183294655785,1
0.1863135967165523,0.20804787681414705,-0.16575134516669343,0
-1.11876791839783,-0.664962450866568,-0.396517839949778,1
0.05434248758709988,-0.15899718952685132,-0.4596212326890253,0
1.3501614545868654,-0.9889366153951322,0.3980793648633172,1
-0.34240519660530716,0.8958414647507028,-0.5003978779777003,0
0.041159779537345,-0.8082020482908415,0.252993868725106,0
0.7124197622219677,-0.48410639239746334,0.5590567225476709,0
-0.37356242417621854,0.732624603958449,-1.0061952191109498,1
0.10115075522180116,0.6007663984572015,0.4899242962108211,0
-0.8654564623948636,0.02410065153245521,-0.5444532930136821,0
0.712150811779204,0.2376903828175477,-0.16085000597200852,0
0.14768886437086326,-1.385696033484071,-0.9391693618534477,1
-1.4194863591722553,-0.2746027535257829,-0.21610534589660876,1
-0.8749927671080537,0.07736347235235051,0.9394909394156353,1
0.5539407414309063,-0.17786485205417316,-0.42250351049455404,0
-0.7479145703998398,0.5816270851786577,-0.8632668236630457,1
0.08455608940243341,-0.6880636466593597,0.8461038230015321,1
-0.7803554898483036,0.1272043741764224,0.9842942561014445,1
-0.2423167216027176,-0.26264835515542784,-0.9952610639343411,0
-0.7751835479894689,-1.0182697443360984,1.1274853428426626,1
0.12620205931691128,1.0103549745456402,-1.042368826931956,1
0.14825159428029433,-0.347639280737109,0.5707218613311367,0
-0.30601734780578715,0.5613144211485026,-0.21027664219546868,0
0.2762637350702139,-0.937957436983719,0.7405654524087693,1
-0.09045139636910056,-0.6756691252465425,-1.1359290866663059,1
-0.34192960434851555,-0.43286737833823724,0.3473362711836353,0
-0.9599098580019115,-0.6368708421952376,-0.6817924089239298,1
0.20416152884670516,-0.8182050077158026,-0.9426640998554526,1
0.7450372593229805,-0.6713263923440401,1.8613752087203652,1
-0.8087365570172111,0.07676330411819593,-0.023497151723463765,0
1.5484245035404087,-0.5715531987960867,-0.5937730089164867,1
0.060329037165969136,-0.5715301727729375,-0.5872128712745855,0
0.7579688766476438,-0.6217468180240924,0.2464939731422366,0
0.301147731519689,0.013539523255328909,-0.4535997434276294,0
0.2597113499498767,1.2997921429282522,-0.15801431149965015,1
-0.7779265184853703,0.3107743005113948,0.5507912837471549,0
-1.0728038091544065,0.5307396191719941,-0.29429388598626266,1
-0.7687989761874222,-0.7677943118174716,0.4803894553355107,1
-0.3628967930489909,-0.16164455031559782,-0.7031111856542817,0
-0.5984666972552254,-0.41359216809961596,-0.3385334324741707,0
-0.09019084795333371,1.0685478986013837,-1.0261361711285248,1
1.1663591258140955,0.7570359869712096,-0.5159068539712726,1
0.35672353158350295,-1.1052321574037465,-0.8340039269094619,1
0.00014641700780300282,-0.006576320144326847,-0.23185657756152486,0
-0.8288944361908076,0.32835907949245435,-0.3892990043064247,0
1.2020513872910386,0.7576954292792968,0.13479971931900567,1
-0.06494405567772714,-0.06182611389362003,0.3877205269014682,0
-0.5361863929625799,-0.7994657702478246,0.4403233291408544,0
-1.2044732738221129,-0.039278154569107646,0.2715752833644399,1
-0.1525000489924133,-0.6172767067718147,0.6232492406907352,0
1.4052163351453766,0.6444307609703773,0.07477922294425053,1
0.29985644017760793,-0.33505501550685085,-0.010219298741576016,0
0.01588578515280811,0.3868716364571747,-0.8349607490168626,0
-1.1264166713679196,0.31146267415316575,-0.013886020788634193,1
-0.4725914194496179,-0.0431870213787861,-0.7484305495313989,0
1.2371375793137596,-0.8795441286138165,-0.4899579640808921,1
-0.00865977612770461,-0.6344546505269052,0.05360191714363416,0
0.32753631023156665,-0.9667124137645416,0.5997497374041619,1
-0.7550506868194548,0.6719689424975741,1.2095863157410696,1
-0.2543948490957636,-0.9376573110053396,-0.292364019214657,0
-0.4564883898808782,-1.1745633472640598,0.35585294763050634,1
0.3928067592634881,-0.6496094620564304,-0.29512290414237696,0
0.7138043471327224,-0.5974638209349782,-1.0599643507470011,1
-0.9452076224137345,-0.29120309684529166,0.09328715993260436,0
0.5194671901085328,-0.6970685580285462,-0.20092799665417999,0
0.6042405827537783,-0.772113865577002,0.629500044775872,1
-1.469234827849878,-0.22648474958702283,1.1620438380232287,1
-1.5101497191095854,2.218723265809128,0.7467449310088323,1
-0.4947806516707591,0.1513066459178605,-0.07942792565384525,0
0.1399482175874237,-0.4295477739592241,-0.2859271070852203,0
0.8060158603035126,0.931340995718995,-0.0834870560800987,1
0.10973638493366183,0.5834325780917373,-0.6131536557009314,0
0.5127201478900143,0.3649931671202438,-0.4535959859885136,0
-0.45070075995945197,0.8407616520890555,1.0044481864579236,1
-0.4721914527168945,0.20661145961297708,-0.13246161922816713,0
-0.6088811004814844,0.992332422389085,0.49349213662462965,1
-0.021961982049432536,-0.6432433128808044,-0.6622100082381538,0
-0.9564823318295088,-1.076470503976305,0.7867894953028163,1
0.1783608948024866,-0.08218634456236028,0.15182514783002848,0
-0.1389228534185601,-0.14556459954669204,-0.5279106115256432,0
0.8391480973962326,1.0156425054330285,-0.16836950418754099,1
0.5656443434184879,-1.142904191729266,-0.7450659837954331,1
-0.3445044893908281,-0.24884595027215975,-0.5444694398951878,0
1.1400528893834052,0.9297849268094838,1.159630039623917,1
-0.40428550338369934,0.23518902602381472,0.6598211876679014,0
-0.3153298240987398,0.08000238440873778,-0.25676225346491893,0
-0.9594983429678009,0.15779303825458946,0.39024231311717306,0
-0.192089170655532,1.1833093210408983,0.9478490996374069,1
-0.013229088550461596,-0.27472403279525875,0.7948677271201648,0
1.1514502946754641,-0.2680837965881891,-0.1439530531447793,1
1.4675299784021665,0.6159781850556698,-0.230533450422271,1
0.3848219015995916,0.5980729467363078,0.3634971167736241,0
-0.35454485816432707,0.689650053165502,0.3646041179089785,0
-0.018748141125676774,0.042589189881589204,1.7417752014426224,1
-0.16587815278867946,-1.0008182495968838,-0.2974411602017894,0
0.19729801296922392,0.42984774428019884,0.1319525764151364,0
-0.32750453991418355,-0.2909225438522988,0.8159310340083752,0
-1.121459554932162,-1.3293072808497697,1.3229721628692654,1
-0.4926920777512343,0.41155493241633745,0.18416049051072997,0
-0.7952420495463813,-1.0847825332415355,0.9034539449293125,1
1.1423895700994642,-0.8728164576562579,-0.4189354952576756,1
-1.5547906024394338,0.3111372014527808,-0.3550059465630837,1
-0.7059429122313898,0.6960210428365994,-0.15131296285012918,0
-0.364898726718074,0.06796765318788887,-0.3268779914183046,0
0.9215567379576831,0.41448181235737735,-0.2916206075159094,0
0.44042141082449876,-0.7549216453497262,-0.10067749936040511,0
1.4584253567630643,-0.7548597628090336,0.01712574204996101,1
-0.651014540925804,0.1197561871432524,-0.99964710742324,1
-0.2620639074230086,0.5456733913323599,-2.0142238035464257,1
-0.1392447457981159,-0.32850843074651087,0.031366406528566725,0
-0.9699688687482797,1.1375798525328724,0.5856468303095802,1
0.4516504713456256,-0.8082265247212629,1.1550105130940382,1
0.7290267537569795,0.6585144874112798,-0.5934164015613067,1
0.4833565038461565,-0.9658765461903912,0.8569738104849739,1
-0.5327468851889134,0.3252494214291572,-0.47921713366606267,0
0.28229337720066144,0.45763663772020813,-0.3416644240694255,0
-0.5464699498714655,-0.1674560427370105,-0.3432038560107203,0
-0.2632693270973584,0.30922712005755015,0.13093887780229152,0
-0.05350366192137275,1.394797949384547,-0.9800414727131216,1
-0.22169896719579268,0.6518120929560598,0.3413118782422417,0
-0.974159352315444,-0.663142445290528,0.36418492999346885,1
0.2203718478571334,-1.074032144438841,-1.860207119223645,1
1.4775269996622444,-1.1367880141245095,0.13063131609749515,1
1.0261134855473857,0.6783069061192711,1.5225299168383368,1
0.2200870949230953,2.1770974981238185,0.7916590119217176,1
-0.8009999206674954,0.24774915593257782,-0.5970272522109522,0
-0.14716084105664567,-0.09088974597531135,-1.3306682212408125,1
-0.34860430402856674,-0.41674381622761336,0.6007594041138776,0
0.002153861506110259,0.30896194278688277,0.8419140548959234,0
0.14896510032728189,0.1481630751095254,-0.7718955617476339,0
0.1836515421939946,-0.6394484179510602,0.45155305801607193,0
-0.31630434579352423,0.9058153561938177,0.047981091634802034,0
0.9585807227941923,0.2923426236486829,1.3270950459623252,1
0.4599376712557214,-1.0628382740422895,0.7438392939449098,1
0.7429248481004388,0.781724883972175,0.8393571785356845,1
-0.12512058447320104,-0.5644813950156763,-0.9753259795500661,1
0.8816855874599278,-0.043843455483475256,0.6727762357628113,1
0.3508658102038552,-0.37852607753908163,0.3616848183124117,0
1.1748368209254187,0.014768977509248039,0.16313017485955947,1
-0.10437078969246122,-0.32953757075149126,-1.1276253528433382,1
-0.05228882509393153,-0.31937147837963303,0.13790348870708655,0
-1.1276627523549425,0.29747956193584485,-0.4086517002870071,1
-0.4788256381701028,0.6895137759685104,-0.1039852716836994,0
-0.3565089774430121,-0.05764523497062797,0.2458443991690507,0
-1.5640225565493324,1.0843013686866185,-1.0068897586165841,1
-0.42110679110199795,0.6367730456639581,1.2016827077778849,1
-0.8462573675351144,0.6319396964977891,0.6314137368406824,1
-0.9054188172639371,0.13398246648344084,0.7123704651118433,1
-1.7905683784919277,0.4822959616637371,0.08922125131527991,1
-0.24233575864714782,-0.5672956974584322,-0.11404622042753332,0
-1.2072843897267866,-0.789502002848209,0.8738507767760393,1
-0.44751393405024265,0.13387532995700824,0.2101834413759537,0
-0.4852726306792635,-1.0130515841861856,0.10312195703360792,1
-0.09713652312093687,0.27610034319970544,-0.07298880146453049,0
0.12389318245152575,2.1108968843390605,0.25984877761860703,1
-1.06399798026688,0.5374407260061944,0.058293708339330855,1
0.2293431619129823,-0.37669381230015453,0.5937320124565956,0
0.10773116316185352,-0.581538711170436,0.7926883867832144,0
-0.491236365972412,-0.2894063874103393,-0.37058646012074414,0
0.22145486523226843,-0.42886265861996675,0.32237294797659916,0
-0.04429286989874689,0.17191424617999296,-0.20806087104886015,0
0.47484424530776165,1.080481336088835,0.6275600736884461,1
0.06088957887978471,-0.5281545198992483,0.7001532620700928,0
0.7819896893801338,-0.39877109303910335,-0.5771527485370219,0
-0.17502210566851067,-0.05263238246361083,0.4388814490713628,0
0.10245116929423646,0.016902003997787584,-0.24848738907866813,0
0.5359316796904442,0.48472717065440984,1.3071638417852447,1
-0.5748879758272619,0.5821468111903945,0.159637503923325,0
0.6461341099375741,-1.092996014051053,1.1241859224662532,1
0.7698764056467414,-0.2660847943598784,0.013307077687064085,0
-0.44233962829476436,0.2798753625111884,0.34933209483137795,0
-1.505242313503718,0.32397378089054535,-0.6927675216696435,1
-0.09296516393963344,0.5841035565062558,-0.3088389539309136,0
-0.08177568470930166,-0.21291246499151606,-1.0454729255222392,0
0.6098042723728624,0.6739611829041667,0.36280617987874436,0
0.17634089386915622,1.1154279111257128,-0.0673841171675961,1
-1.1070803400996874,-2.1267172227134177,0.40388483141170817,1
-1.2436166171903302,-0.8366901182026779,-1.4419549013079782,1
-0.22136545628782764,-0.0005010520302583389,-0.8841717879380918,0
-0.8105886009854723,0.2139955896980661,-0.5333535684339353,0
1.0616032061212888,-0.2281691021974565,-0.17736572688084085,1
-0.5557760535941071,-0.9765460040111187,0.21483218920278105,1
0.17229167516527696,-0.770893757354459,-0.696881734797652,0
0.38697464933064235,0.3881194820365886,-0.18028097052461722,0
0.052392921685351264,1.1516050962192892,-0.9758790998291924,1
1.6133714859233559,-0.43673861810324777,-1.085437368424408,1
-0.7128246664710268,-1.3228496535463907,-0.24855756824411862,1
-1.577179061542631,0.1602899692987061,-0.3970812904582203,1
0.2840530827782874,0.48800549653408015,-0.2837057164213414,0
0.8270250148536015,-0.16220375067193024,-0.03074284603868933,0
-1.1151049064645848,-0.56768260841996,-0.052306713471372196,1
0.1300012598133973,1.2731536660485274,0.8760673676898179,1
1.4819851524350167,1.127441027417155,0.48008801911285487,1
-0.17859265256185422,-0.882315949417873,1.1542891026956337,1
1.4111500150197764,2.1990444998892666,0.4290179894174415,1
-0.32049502358218673,1.0270496430775695,0.23104343876750272,1
-0.8898973564950994,-0.15345422798817526,-0.21813027159644535,0
-0.2739062719090359,-0.7768419525932792,1.0044482142339324,1
-0.02282583897392586,0.4529322530325068,0.08702943100733106,0
0.1430680639798758,1.1538970792719605,-0.5183326019685011,1
0.4852592342721896,-1.1403623286453735,-0.3337062225577281,1
-0.0420907829238426,-2.291922115801325,-0.7243514477511692,1
1.1631678250496877,-0.17609507233015642,0.4076873383170542,1
-0.35601104918789717,-1.096484627444861,0.04848134442366434,1
0.24045257634092665,0.40348431976711097,0.6846099389035817,0
0.4317493209860334,0.39583162177549325,0.76422738001539,0
-1.7591463713305493,0.9029508838434555,0.23901869568730064,1
0.060252179657305026,-2.115052528474909,-0.132155540814053,1
-0.159647953105241,0.04774965145618416,-1.0074491039547693,0
-0.1429717956421012,-0.15392385493881444,0.7769525630509496,0
0.7828242485733601,-0.0851223373587189,-1.5363093692640226,1
0.13898521534594077,0.729624270988582,-1.0504498136364602,1
-0.01576868183941927,-0.4871156386164434,0.14478639425448042,0
-1.072428231331495,1.0443503480760938,-0.8257448396325404,1
0.329986215931201,1.075513817451364,-0.6709853066551882,1
-0.5768649846607912,-0.054519141567787754,0.2412308748080312,0
-0.1314127916302063,0.2192023831572984,-0.040014104238216025,0
0.7353236562454426,-0.42823485493988767,1.2911838509615439,1
1.3710298434733583,-0.7073410630619235,-0.4792380645731993,1
-1.2631582052975734,-0.43984502914155865,0.41205769671449927,1
-1.1298662217703228,-0.4454949353453326,0.517570699351519,1
-0.6191556046990825,-0.9777870667878157,0.6549064244423496,1
0.49172380540842175,-0.8068148546377182,-0.07884864783493405,0
0.5811728343179269,0.06155157223361901,-0.21143012513903747,0
0.30541536028629296,0.5659750030147992,0.5333645143013971,0
0.11911989868555033,0.9316821523030718,-0.7117330734621374,1
0.6038522039904816,0.293354208586257,0.327594461292461,0
0.47052074834807006,1.372648013081083,-0.6210682039464288,1
0.3948034710364391,1.3128479926655785,-0.3406599851051186,1
0.16535552480291166,0.7321690612833879,-0.5911852172433462,0
-0.5793027881494485,-0.33673900902600973,0.6182865190781193,0
-0.7027670369439255,0.29712028937828666,-0.6056357117463701,0
-0.2267462525384789,1.2694061234286997,0.16268459397697763,1
0.39177800712516203,-0.6093160843474682,0.021235462565985016,0
-0.09345784764119183,0.05110894656037841,-1.0608170515134336,0
-0.1360197426323184,0.21322617061287866,-0.024544927745563314,0
-0.4724492136943073,1.3246215607451062,0.7637093112742419,1
1.105129246452439,-0.19374236615970164,-0.1720984622482421,1
0.9621309199972761,-0.9254757795724079,-2.135117521256117,1
-0.6884011196094226,0.33683580898268,0.3574213772341654,0
-0.5628752813455787,0.7608519443082022,0.015069611294195625,0
-0.27245785722433025,0.08026888460945203,0.4681970899854549,0
0.841844984392469,0.15031253856419605,0.726188950978816,1
0.195586276974346,0.8453324749760034,-0.4218804531973006,0
0.7677668732842325,0.06928455226131237,0.21782462543152523,0
-0.5581466100460382,-0.004981557006660997,-0.15245899509422234,0
-0.7266760610055859,0.8949905972764135,-0.6124781088657021,1
0.22845154488116481,-0.1784408726096718,-0.20634172707683243,0
-0.04538505569209521,-0.7146008543667887,-0.3643144200538496,0
-0.07864870222433695,-0.6391592228460914,-0.520098210170976,0
0.6826391078948524,0.8740764158221984,0.06269038377249558,1
0.13546567597090267,0.35796643645280685,1.0233996744898854,1
1.1129767138202475,-0.86674721245458,-1.0354694079956022,1
-0.7917261751805735,-0.915478050958859,0.8208284931383457,1
-1.2241441812648968,1.0570809580871805,0.02922163481537594,1
-0.321413774296365,-0.15461121520297746,-0.06462924691214467,0
0.492420286429834,0.6755027910830373,0.0625131088005533,0
-0.28857087077811255,-0.70414781846613,0.4604228520698316,0
-0.4325860726994568,-0.02618897034636205,-0.30356251413462426,0
0.8680930696303215,-0.8553453671179547,1.1826872767583094,1
1.1515011580285655,-0.201090314202123,1.1247113695818356,1
0.4800769191606466,-0.09687043957673232,-0.3672686966419436,0
-0.1249982094777464,-1.095038500596131,-0.34729814520936514,1
0.5013413648775802,-0.06345271794498095,1.0183166487478106,1
-1.2344015637428196,0.34980972247564984,0.2711295108499936,1
-0.9278790900784893,0.43986990851805696,0.9396977619882372,1
0.16548027863659256,-0.17573627115936472,0.8489040767360077,0
0.37817296522631977,0.8690204472560663,-0.4506446296267816,0
-1.0376970669761407,0.11650350811234114,0.03598303906138964,0
-0.5906795660041745,1.5168494949049707,-0.8397588954221915,1
0.7075185422235448,-0.4742000974388359,0.9846216562424477,1
-1.329367843674931,0.5039635086410698,-1.3315882821110825,1
0.745213863263636,-0.8446552709914533,0.20209344217795933,1
0.007320407694300841,-0.9276082957010092,-0.7531490938950396,1
-1.559570715329628,0.6343215909921178,0.9014727868536643,1
1.1365649565139342,0.34717171769614474,0.5196370658591828,1
0.4207493702981369,-0.394157620842603,-0.29203356065289793,0
1.2409250754903018,0.013011917911860222,0.15928578486374378,1
0.21998798443224007,-1.336183828505549,1.4250146965631874,1
-0.3548150054292523,-0.970479695853758,0.2283774616584123,0
-0.5471515898950441,-0.8801037809472334,-1.257745149834039,1
-0.4983182557154432,-1.0872366362185493,-0.10246301049346243,1
0.18186713605287408,-0.17017597690575761,0.005572132034644721,0
-0.5861879937928134,-0.3961078122154112,0.5284163757200006,0
-0.08851168714088528,0.5988360785225528,-0.08147583619467465,0
-0.2329547637729252,0.5175107379540282,0.23692180445637898,0
0.1507527815529774,-0.5317226137168356,-0.2256052014741222,0
0.6057801332388454,1.1860847133942045,-0.5693424056772391,1
-0.35183571394285573,-0.5529599724661178,-0.5371912260588714,0
-0.38625315354483475,0.2770472691161914,-1.0457483990554217,1
0.6895688570162044,0.3543270855775088,0.1340544466852796,0
-0.9830353506302304,0.11155418353437427,-0.7759565798037235,1
-0.391093560145209,0.49205003940572023,0.8297489911377824,0
-0.3719628043906447,-1.5226433808609974,0.7758041224782478,1
-0.5466004600877478,0.017331310426562357,0.35213796875897085,0
-0.6312961063630012,0.36318027057330365,0.02454632714334255,0
-0.5016505436683002,-0.20403473955624565,-0.5541974295659173,0
-0.8534931922387982,-0.7603606850190503,1.185388877472765,1
-0.28501776520135796,1.4082408450834292,-0.5883561910222608,1
0.8129408806895906,0.2097115643783246,0.8963649797423909,1
-0.03223418129225337,0.17206697474627564,-0.1705796523769212,0
-1.3517339965570434,0.9271354289676335,-0.15861746545669558,1
0.14387051664658393,-0.53482074094603,-1.0056852426242382,1
0.7637149634790251,0.6666521515732368,0.34457683762223384,0
-0.1307455545347178,-0.3696209924913277,0.7417615371165149,0
0.4052625632294698,-1.262798306740441,-0.2542965801070331,1
0.054707654986557934,-0.6090198992880549,1.0770113636258778,1
-0.8808552043271537,0.03884428240644755,-0.5017487270865054,0
-0.2936004709278348,0.024061013115397493,0.07875232199949043,0
-0.0025473798204305367,-0.8190875268150946,1.0630631340038919,1
-1.030644549200273,-0.21864383518639213,-0.5318548949060006,1
0.11079919781251962,0.7237454592556926,0.12394647003652484,0
0.742145842215056,-0.37846844762429405,0.9315382773049474,1
1.515997404046755,0.4482484394042121,-1.4319920558952597,1
0.8904123629487514,0.8106561136897624,-0.6882827770323983,1
-1.0703577117962062,-1.2750122925070948,-1.1201532676205281,1
1.8102531374206963,-0.06792460649539969,0.8126589624534211,1
-0.5836533830109013,2.085324666495244,0.8801213719434109,1
0.6121813686451691,-0.848737728862988,-0.23652809217841522,0
0.7054324067195243,-0.20279414889574351,0.5370581273535645,0
0.18404611121542863,-0.6814804721525884,-0.6768079025411929,0
1.6994714583314192,-0.04074264210625956,0.14219849962230383,1
0.055255489728525106,0.6092687465477926,0.09833055088233628,0
-0.023767672435067066,0.32155038265795216,-0.36517090319865586,0
-0.169353433168791,0.7897207361354052,0.13181613774883766,0
-0.38101873050103174,-0.7131558563077429,-1.387785935512619,1
0.7879444267236451,0.5058509792826563,0.5078339967994623,0
1.2855639140576898,0.5481177063060035,0.3910583949741931,1
1.143541978380472,0.07379079107974355,-0.6355362953915816,1
0.653557683315436,-0.7169327032836458,0.060589972888941385,0
1.21036067372317,-0.9700806012843372,-1.1409602062994886,1
0.18883305391382335,0.6290639683377159,0.0581835667997336,0
0.15871140295340883,0.7404103103459782,1.1907166896576673,1
-0.28542256557394474,-0.6753736527223139,0.2995297717854215,0
-0.2706926307301065,-0.08748957694000266,-0.2812020080950751,0
-0.5191392716857622,0.057979613967192686,0.3233460750071652,0
-0.8657095850749407,-0.1478017626526489,-0.6014087807092586,0
-0.37547154767119334,-0.4406268918671059,-0.392781637752184,0
0.6870044078236873,0.4563497103663653,0.9677686552770303,1
0.053708485010306416,0.5251557742901842,0.3410015046606032,0
-0.3285340415762599,0.14224135676883698,0.20031477499818073,0
-0.5679332825323675,1.0554902093109213,-0.1917133368369165,1
-1.2559879781648686,0.2889611741489302,-0.7278755737957665,1
0.9119929184659351,0.4760110984513109,-0.09790316517078249,0
0.6493478993804506,-1.1105116266795148,-0.6997727662218924,1
0.535130407544011,0.433080837512165,-0.7189035345343958,0
-0.6664891575571049,1.1418210330271488,-0.22770829177432367,1
-0.1870402380152164,-1.4169446664365242,0.4493083980491425,1
-0.17399245395232102,-0.5962653857605477,1.5350883171102556,1
-0.6685743264660401,-0.8155419671273699,0.8042028252481751,1
-1.1829146218230333,0.2858216580804459,0.5061984722376035,1
0.30321905526843157,0.4900996749741892,0.12476302021962701,0
0.3542019401820938,-0.691235942581531,0.07023854675989893,0
0.3056560636491172,0.33237143234537586,-0.5003670687718533,0
-0.8119447580645431,0.5789632241830053,1.0874820885127523,1
-0.23169212579742257,-0.2772623340382819,-1.0348613441920995,1
0.9485667166703183,-0.5250156357519808,-0.3431630471380219,1
0.15855790843853795,-0.24496053158024098,-1.1395502079605055,1
-0.5603987037045051,-0.299529429640998,-0.9656373270092251,1
-1.062760511130385,0.179421035298792,0.3307090132699826,1
-1.0209595315368833,-1.6236451227947313,-0.38928833956857645,1
0.5255670810959374,0.12082010997067817,-0.13009586476030488,0
-0.37429432621204317,-1.0708922255274076,0.2274007405215341,1
1.0769447394156886,-0.1655714391045856,-0.16555982998514832,1
-0.8284847341949464,1.1990571459132302,1.3415857019426412,1
0.2631183029969379,0.27517710621789493,-0.037561973969763955,0
0.677681112203337,0.036529827054119786,0.16198026542844635,0
0.8648503306975455,-0.18303770184148552,0.24925865352709892,0
0.2944718175398085,-0.03811648427079509,-0.6945935228686241,0
1.0402745148511645,-0.1480141915769881,-0.47310587061348175,1
0.6078182922395015,0.056428170526680345,0.8057874470622803,0
-0.4104920679947278,0.4161877810257713,1.18080079896084,1
0.227474700254037,-0.47241129021699657,0.7014798725815106,0
0.8740498663697116,0.7716727866497166,0.43072569597269594,1
0.639178455882833,-1.6708455486572786,-0.7139874284726683,1
-0.043136322178255006,0.35372342816254043,-0.3773123951263547,0
-0.2186461677911973,0.23423861870458482,0.6898145747417128,0
0.13569219033016883,1.3776862962058098,0.7248616332469673,1
1.0820114016553735,0.47017450545868916,-0.6537655549184892,1
-0.9936192695292938,-0.037055542367683936,1.2049845664016603,1
-0.7579175179465435,-1.0986733597780014,0.5783353234518441,1
0.5944081211425848,0.3865990135775131,-0.16895050756602753,0
-0.546288601178344,0.26810174135927056,0.86989844276874,0
-0.07750583564048284,-0.06248204765980287,-0.26163730834347076,0
0.06488466733519711,-1.4054234575898774,-0.15533148152595538,1
0.16053761956851684,-0.22915080425701304,0.4182127561832997,0
1.3419239266532448,-0.6702613682182431,-0.5899554831673102,1
0.3008349484856179,0.15718266442576373,0.9042946888215497,0
-0.12414245639436074,0.4728103467172828,0.06934422222226756,0
-0.32462587153288486,-0.49115663124993886,-0.8162576706561401,0
0.2235560212364663,0.33182229494467613,-1.0858134613207693,1
0.8632510190076746,-0.6199726862614658,1.2105952944935947,1
0.677260945557403,0.14679773757243622,0.21756024803271062,0
-0.3221150879499847,-0.62878821974819,0.6754995028012094,0
0.01038612209640377,-0.5550069197223338,0.45840349088154975,0
0.7347629912957463,-0.053573440780984326,0.47410139110540345,0
0.18376488612676858,0.5528322543204769,-0.8746562356554124,0
-0.4101334820183728,-0.817709465890961,0.6010968604989853,1
0.7836035845095071,-0.7353245328665466,0.4332965836039047,1
-0.32902417934618566,-0.07491679978400927,1.8698331124612773,1
0.37618519082027463,0.25573298889888874,1.24534806603894,1
0.40805161436310566,-0.1435747693596405,0.2624397638702562,0
-0.1321382067979765,-0.310936813204006,1.0231678742534884,0
0.25251672096292177,1.045028900911941,-0.36647238582832825,1
0.44806600759135384,-0.4937017245397142,1.1870022449478543,1
-0.5499994543155663,-0.7852957113508708,1.2390423130176023,1
-0.9553538462330088,-0.9351189890474845,0.3407307598648008,1
0.08506185693060318,0.3637631880686425,0.5031877058898924,0
-0.2620415842844367,-0.9532132542118331,-0.5053555530829269,1
0.4264523414248847,-0.6014192632404253,1.7572946426200753,1
0.8192507905688898,-0.5803100325063915,0.6812097938219078,1
1.8196401673108562,0.041873756262892754,0.009849496768771197,1
-0.27693735786594526,0.19030148515440895,-0.2426735852550608,0
-0.2595278739000622,-0.5851946570643809,0.06091292385983246,0
0.34115951655390814,-0.1580120508467429,0.5048745911430638,0
-0.9169986644589391,0.28262206104285453,-0.46057887657280816,0
0.8406887072130809,0.5008464534963925,0.2485114107885104,0
-0.5090067211537608,-0.32572079862310266,0.7474982947024149,0
0.40487716748759406,0.9894937185002239,0.6538147473011108,1
0.5641607470918039,-1.31474963975033,0.03216733139966206,1
1.09043640479601,1.4185218849074221,1.4577031584799185,1
0.87382996790702,-0.7573493198946466,0.4809854208363165,1
-1.071792942258145,1.0942514217819401,1.2698772808273613,1
0.6918489102778875,0.36921053497589446,-0.7804124199448182,1
-0.3377548196918664,0.3386898828368246,0.23593473727338093,0
-0.2497262805329516,0.23934422103384764,-0.20888034028137628,0
-1.152918687174202,0.8527669007240456,0.5497100108840685,1
0.5932205168940988,-0.43646391391633443,-0.39477895616358155,0
-1.1296732064389274,-0.23123616284730414,-0.1509367361689355,1
0.24297482269358178,-1.2466576493611736,0.22916197243291309,1
1.0259607083986026,1.2778810016539173,-1.1898193730366518,1
0.10020899064360499,1.640013645527332,0.27811771139740177,1
-1.3919426781163389,0.46313767711477755,0.5733212204747663,1
0.1691730799906103,1.4665979205217048,-0.6501030792291845,1
0.7679053185946825,-0.37898338650824737,0.5713831487552691,0
0.18473202222404755,-0.26111836929815924,0.10139095760165155,0
-0.008548176999355688,-0.885575897258094,0.2571265700597455,0
-0.21040917105947632,0.9727716166171819,-0.10610532314562782,0
0.17220185880390884,-0.04271188652408971,0.7974610629114939,0
0.9773339952405921,0.4587071605373993,-0.11817032785092581,1
1.4571688320001592,1.241213412985297,-0.17604423766188737,1
-0.13782096674678948,0.8016965238012302,0.4197079833436578,0
0.8103656863670508,-0.5496846484355961,1.102230402798002,1
0.7966017718408426,-0.19013301647569186,-0.782431973629842,1
0.40986254737999606,0.23037278474084916,0.13745045780154522,0
-0.08870955797679102,0.23184583494530006,0.06073552720651274,0
-1.196753216589728,1.08155540305665,-0.11172845656623967,1
-0.8910710508658848,-0.43583333128640317,-0.2653039048037028,0
0.25501656965488045,-0.6105821835819227,-0.02206419862550571,0
0.8877044053751609,0.6688308391675629,-0.6368135453494327,1
-0.20020943390519544,-0.21273996738934825,-0.8552293427233613,0
-0.34215895457991924,-0.22651975395906068,0.29993061704920476,0
-0.6870650659797205,-0.9755373597703926,-0.4431559993939769,1
0.9391750844337161,0.39331401154666373,0.322361335098932,0
0.03519531173031481,0.004994407362579842,-0.46691755548250247,0
-0.8458458155877097,0.5745425189041138,0.9590065211190659,1
-0.00022180003085839423,-0.8357112085939687,0.31782605173017536,0
0.40368055142618964,0.8029661646541446,0.6745811162299683,1
-0.6646118564523434,0.586527285553579,-0.13705577709745417,0
-0.3885955774504142,0.6078204239092336,-0.2737427076713203,0
-0.521885168759737,0.1281639261738554,0.3254611872127386,0
-0.4390055468067455,-0.11889563433590537,-0.3338184488239135,0
-0.18628602008325723,0.48022646190620066,-0.21357842091616086,0
0.4116052334357744,-0.1601484421276405,-0.6784259904236178,0
-1.3904240785786224,1.4539580051049303,-0.780086116463531,1
1.2355723664419027,0.6591589764534134,-0.16726984771804818,1
0.9985907312652826,-0.056314967812976124,0.3198751647457261,0
0.10561593117559434,0.2574860726435281,0.005075942629128975,0
-0.9711424960917047,0.36762632841417553,1.3214537678509588,1
-0.8780573235331663,0.2362984107464921,-0.10978472626455313,0
0.5836574976716778,0.5752381801766515,0.9231129172341513,1
0.8215720266877671,-0.6557376897407533,0.16855232411630564,0
1.514813897709386,1.2215574903707185,0.3085274256187073,1
-0.3986134540090445,-0.5813976173349092,0.17231287973437157,0
0.29986055345619345,0.027893275308819764,-1.0153413614977826,0
0.4300950067713339,-0.9313529123114872,0.5487346002687713,1
0.9691154012813387,0.4915826849499498,0.20064227299967197,1
0.34012488957436143,0.15830991176710746,-0.5589498478001236,0
0.7048855986029773,0.19843990466278633,1.2435324699079486,1
-0.8409143404632321,0.7452804860775446,0.4044695182675439,1
0.3596404296816254,-0.3042746381476994,-1.0493865314330895,1
-0.5826103700981412,-0.5084871695350578,1.4494360330884373,1
-0.4221245663344737,-1.690200427337461,-0.29148408415257365,1
-0.4342502301970568,0.09968982292567367,1.12332887359518,1
0.6764913106760766,0.36553638679643147,-0.15663353035620564,0
-1.6377610317088984,0.6067076558524658,-0.5856232007671424,1
-0.014052782335761922,-0.07584764328730385,0.8628703110229291,0
0.5171639362217071,0.41749144327304893,-0.10051278019284424,0
-0.27826762975556063,0.12635624601889706,0.8691861095112037,0
-0.7618199299240824,0.9733299740880248,0.2214178596107576,1
-0.21035168152019815,0.9277125983521163,0.22682976211485012,0
0.21291504140751874,0.1299906331077919,1.9042623657642634,1
-0.4343920610303304,-0.5018966096198985,0.6921794448882046,0
-0.6329099551093608,0.42230412304292786,-0.670583304711661,0
0.23607464632732494,1.0121291577979954,0.7649245887994385,1
0.15328347113209187,-0.7759100583023231,-0.41639172640273575,0
0.6251144946436475,0.5210273163099822,-0.1989286233729345,0
-0.4166779809412164,-0.7722763108602951,0.5902583234487888,0
0.26672907480221547,1.106992657182089,-0.04649245546949556,1
-0.12814484179744615,-0.45917607891679213,0.9343030412293757,0
0.2962911829688,-0.49851866402368306,-0.0394346929922831,0
0.3965345413794648,0.765832878421759,0.7451505770221789,1
1.5296520842831196,-0.21763207703689338,0.1549626827904251,1
0.1919761753451652,0.38995261388536584,0.24083294451580378,0
-0.4600737727546808,-0.34444966214811595,-0.4188857609630143,0
0.13579923259098656,-0.21857834801399742,0.09442767933733888,0
0.41386920058536786,0.3640776823073181,0.5797747062044674,0
-0.4963830827847466,-0.4687417340550599,-0.9917916990175639,1
-0.6828281309244355,1.1519945843024957,-0.4113820209840199,1
0.5896720104632263,0.32468934780820374,-0.049614650379187955,0
-0.006568004872071265,0.21706839819235918,1.282272880676146,1
0.8123000167276281,-1.2301634102976675,-0.2562844474457909,1
0.3132498105194265,0.6728472954094092,-0.7220708984340084,0
-0.9328486373621173,-0.14352898515203685,-0.5657126940963262,1
-1.1146775840128513,1.0440716939867374,0.9758719551745881,1
-1.2363988153982126,0.9223078307136501,-1.17555935840833,1
0.24576317400063163,0.0613045311691928,0.2514959253865489,0
0.3633015299684015,0.3641937116214482,2.7242925631329094,1
-0.050918845283521814,0.7096049172432375,0.25571528563253026,0
0.19869125513371505,-0.44031505310674884,-0.1471646545434337,0
-0.12328707809184343,0.1593167595301998,-0.26129499720910665,0
-0.13879137961212284,0.21333412217845896,0.12412285827894522,0
-0.07999361307630791,-0.9186847008210686,0.16460508450331937,0
-0.34526174507349916,0.44782969342232587,0.016002429391847903,0
0.28636531407702204,-0.8915795943996196,0.64902640695552,1
-0.6109337321231825,0.03430997215399785,-0.5875704621419959,0
-0.42830512952154814,0.5247406698349346,0.21163181316425048,0
0.6656070948633348,-0.7301046539215279,0.28137691543494664,0
-0.39935552818715275,0.7222270543887905,1.4767520468163609,1
0.13760825126771184,-0.5250059859786376,-0.9333968690030566,0
1.0147600315854088,-0.24557980364370055,1.0276209440417914,1
-0.43033792026323636,-0.3740437244685831,-0.7470990739102485,0
0.3992366788974741,-0.7210115684232915,-0.01665388559470245,0
-0.6552746583000391,-0.02223085056688362,-0.5999296405891658,0
-1.1944327808119442,-0.33323378677809046,-1.396880799178737,1
0.0004828259151586952,0.5530494278523396,-0.5592503160133743,0
-1.174476739375096,0.30378595606993963,0.14685737196198617,1
0.1856588962146133,0.13688873909729332,0.6016757191467875,0
0.19796771419022746,-0.795840937495869,1.7294078098874808,1
-0.39759732490292093,-0.7161797533852392,0.22220641984790257,0
0.14693856209709533,-0.91402414850498,-0.37629999972153705,0
0.6942130333866696,-0.229690474021155,-1.7673467299235142,1
-0.41058035222035694,-0.432314654345914,-0.06572147876847184,0
0.1530593365394902,0.03222415702713443,-0.46075102441558485,0
0.6700023867207712,-0.5465070399457179,0.2878294325232524,0
-0.5882809638018212,-0.4513340442425369,-0.5765576359965712,0
-0.15492746968230642,0.5864783108088149,-1.5635087711204878,1
-0.4782815835284892,1.2734571926242744,-0.028395959219169913,1
0.6070166059050921,-0.16590179602274008,0.027038345535213067,0
-0.4143134310878409,0.2327136349603931,0.8858935225632925,0
0.3590941070013919,0.3806328077821253,0.7583772110840891,0
-0.7990796928464368,-0.31820714350997875,0.8889387362068829,1
-0.1972003391643207,0.5976169325982985,-0.03457553001546282,0
0.8450255751468799,-1.0770557893871553,-0.395217428359052,1
-0.3385263968619577,0.8879536719095823,-0.6325828898984144,1
-0.45505845046314297,0.7282922784680798,-0.2367219075065136,0
-1.2450472870598146,0.5326929688330817,0.2695196786567242,1
1.2937368516293444,-0.2896921678095282,0.5036878294285787,1
-0.0949497061539839,1.0060348549567888,0.6549331917644559,1
-0.3876845828044986,0.5892560600125674,-0.7812559732552172,0
0.2524480711144957,-0.48996107355803464,0.636113172273425,0
0.7534083984298959,-0.36577817089545217,0.9965591320031257,1
1.00381091108439,-0.42456357491804525,-1.3198430569627004,1
0.6717626346868638,0.17183028682501822,-1.0837829594265882,1
-0.06838649723320765,-0.3853159814805893,0.2822318530747986,0
0.13721544522614304,-0.8980688083494472,0.20290843047791718,0
0.5024340886007779,0.30358980724331824,0.26844576978099277,0
0.5099197050094002,-0.6479036299342146,0.9584427961721849,1
1.8089200625226032,-0.398983303278865,0.1304974779674394,1
0.2746231117869225,-0.0670508569595063,-0.3640063202695641,0
-0.38899024699878293,-0.10396267391477754,0.5944890534911645,0
0.8765182568052172,-0.28017669229311726,0.7554582717346043,1
0.04005754604845311,0.3745493385510245,-0.049850164030948795,0
-0.3190174881733845,0.3901396610743019,0.848713222439157,0
0.3692869662071586,-0.06923653474132944,1.6068540006317467,1
0.29534489227957844,0.07597464569679101,0.2739130007938605,0
-0.9432984737324026,-0.4252311390240805,0.22611997413313786,0
-1.082199641173865,1.1523310018171569,-0.26352143259509775,1
0.23649666421371038,0.46566112091852124,1.421429260933662,1
-0.7996588813843994,0.33490845330084723,-0.6550503789732024,1
0.32752110967621184,0.13950669890348372,0.22012847403365238,0
-0.2650383347481383,0.5027246146688611,0.31414160018417014,0
-0.24221886281655836,0.12053608841830601,-0.68075472538187,0
-0.2912409957597386,-0.3447896675904274,-0.30586482786501823,0
0.20757680450612412,-0.9592481932834939,0.32981580352746875,0
-0.6733893706554335,-0.47870785323435316,-0.5463527332988357,0
0.388945569226155,-0.6847229305584672,0.07451173496677296,0
0.924289505531966,-1.1366622958019297,0.13055585340483,1
0.9164549798310246,-0.7828780929979258,-0.2584517266062244,1
-0.1735156008482209,-0.532971953042719,-0.6289816851514916,0
-1.27354013712788,-0.38372832376419724,-0.5570472330828966,1
-1.3221070349218933,-0.27472567476376,0.13465002386592903,1
0.21751500365546816,-0.3709248926214588,0.9561516837655734,0
0.06334310717889709,-0.1395393351879514,-0.10696636468375424,0
0.27891978472925527,-0.297680981162306,0.204901766328815,0
-0.875159491647401,0.6145861470390667,0.6274093679160028,1
0.2685362707197023,-0.6845117203414696,-0.21942068273210275,0
0.8935755612003388,-0.5984357666925432,0.38429795409267425,1
-1.3137347150600578,0.42656039838786824,0.2108298731700793,1
-1.0690630183366545,0.8198061976969335,0.6880867125769724,1
-0.30185049931998964,-0.7156658670150386,-1.1701603745680869,1
-0.07835631281398583,-0.2745292958936519,-0.03954172835705015,0
0.8448249215430291,0.6326110931029583,-0.9707582277583043,1
0.028934226402876143,-0.7086535460031727,0.5238419183146563,0
0.27476656628785046,1.762816864271517,-0.004292782717842235,1
1.2157837769015072,1.4089211178434853,-0.542108072062945,1
-0.35761692414636287,-0.7487607354576067,1.0476942393172364,1
0.02002411579404036,0.021040768019374278,0.6634668418831509,0
-1.1360215624313432,1.237142642918488,0.9768355469398575,1
-0.27719479599765684,0.7494882047857151,0.43628909097812785,0
0.17321752359499448,-0.3584629569811671,-0.3330743801013375,0
-0.7539419506839188,1.5024402675445483,0.9413988787905373,1
1.3193018089954731,0.335050471526154,-0.8423787813232422,1
-1.30375894598748,-0.6295497877462654,-0.045309821552829775,1
-0.10219013207100838,-0.5603254996863809,-0.21776168595234735,0
-0.8300584831326077,-0.1399631104177336,1.4622305945740897,1
-0.6642104267777774,-0.10188528773534883,-0.855383355828664,1
-0.6888081631615534,0.4973986500362325,-0.9244500385338946,1
0.6593310202668486,-0.2935202291984941,0.4954701544120295,0
1.0072706549756167,-0.06484595154867584,-0.6277478417395711,1
-1.1315625497314596,-0.860748846290118,0.11275701990620572,1
-1.197101243573531,-0.06953661696592196,-0.6990394756871307,1
-0.9146480132983233,-0.49193056530278645,-0.649213815964209,1
-0.25458620843150837,-0.5148282531201192,0.2639972983181603,0
0.008838355280850283,2.028267251838186,-1.1798778510356194,1
0.5503843951690884,-0.38974715770907076,-0.5785539788271749,0
0.3633877253988156,0.1269834957870536,0.24793292088444607,0
0.2661617284067687,-0.6378467710660612,-0.6149446621169241,0
-0.33858921222965777,-0.6100745933982953,0.4903636412242534,0
0.3165836742924417,-1.1107771795318662,-0.7967449180865257,1
-0.7746491887740393,-0.6227871893158746,1.2718906579661098,1
0.5973456896878728,-0.003931721343939184,0.8333343146708629,0
-1.5826684829476176,-1.4995614587916017,-0.42911848252878904,1
-0.21201762184471107,1.3464278947924992,1.1497265749832386,1
-0.2339033036654539,-0.5516840948747966,0.9408585375226451,1
0.4354159556622114,0.8512748492870201,-0.09860340714524353,0
-1.0909266176559835,-0.11358335388606391,-0.34236268420186683,1
-1.4849429842319666,0.4423009603877745,0.6259531845413395,1
0.003707855629233305,0.033220296435219544,-0.3182443468608939,0
-0.5194346853564191,-0.5729349926857948,0.14182383945914182,0
-1.3389877719573278,0.150821426867824,0.0008523998031820676,1
-0.24105827183132486,0.3028656376739229,0.05455788168814171,0
0.48228364078768626,1.0516418417316558,-0.41015958042199463,1
-0.058089655323851186,0.7900474591074279,0.24234341650818297,0
-1.4753625010284228,0.11348330142172687,1.5644957015435104,1
-0.394206221634832,-0.9685969757499039,-0.06242483504621096,0
0.3346295334485671,-0.051497818006117524,-0.5987735803123387,0
-0.3660064595672547,0.1582419781517123,-0.011612741179764912,0
-1.7595131454102997,-0.46545191606654285,0.32067908597444467,1
0.4395176983121514,-0.2613539750130922,0.26665024571635426,0
0.35641470915611817,-0.37494875772698133,-0.5606457563112877,0
1.177668273572386,0.7172679516069592,-1.3016946522861796,1
1.4309056800685493,0.004808216199388878,-0.1343778903397044,1
0.3631701181735801,-0.37667637606870535,-0.8272561279550528,0
-0.04367388455565838,0.3390163486210286,0.6183769533825254,0
0.359204112043812,-0.7801980093603329,-1.522323537429428,1
0.8461462387884795,-0.43118162669586285,-0.09476444734982788,0
-0.5425966652451105,0.6168238375941585,0.12964237553393143,0
-0.29096959293169394,-0.06309807556343272,-0.02656645783854352,0
-0.8686409633948038,-1.4676623561689164,-0.06086046342708339,1
0.3440086114079099,0.0455902959252704,-1.3968658050761273,1
0.45160093612128177,0.7482026429668758,0.2599464819110016,0
0.29677668177144806,0.1955726581542156,0.006050062771277952,0
1.326653123074009,0.6720511409827021,-0.40793248701019424,1
1.044771539721285,-0.8072961146106636,-0.13693791689760876,1
-0.5988921127987912,-0.7010202531170183,-1.5226767518692568,1
0.339288950504525,-0.18996123390228736,-1.2985024558023102,1
-0.2619887889975434,-0.9938859706733799,0.011043829846600389,0
0.6855097605625823,0.3020720301641283,-0.45695171297849335,0
-0.5603967883767328,-0.08113091581045768,0.35707992938002414,0
0.08179431831975432,0.8338890358857318,0.04774277606050589,0
-0.7253166784223395,0.7783982756998824,0.7505026066163017,1
0.7301204229784165,0.7967008426485012,-0.7714297608520471,1
0.2347455429659019,0.13470361538564368,0.5016581908241333,0
-0.43330703847593394,-0.2741464021073371,0.2021373562881223,0
0.22447335373978353,-0.23536784912737013,-0.06603448120186473,0
0.15845731350106876,0.008904171984225929,0.0690674316437244,0
-0.13483281863269328,0.15374825907825665,0.6152307924616089,0
0.2857071007977949,1.3337348413244254,0.1234451552981092,1
0.33479519050908246,-0.1892508302987021,0.5987573572661724,0
0.7787529316913829,0.3298973534571746,0.9519253612189512,1
-0.8273948554812846,-1.2741925869783342,0.3828719668733741,1
-0.044260025193429184,-0.5331334735621541,-0.19846725016255143,0
0.5671904724715852,0.6096840921537613,-1.0014237548508387,1
0.5535753267949755,-0.30485181378946524,0.2885369350807456,0
0.4059296531781888,0.9896628644949703,-0.949027632172458,1
0.5415577249842286,-1.1426045050076905,0.21188291203665863,1
0.07202327708629001,1.0953226533168603,-0.8761810158111057,1
-0.0206919339932467,0.7962377682778126,-0.03634085045984565,0
