Feature  0,Feature  1,target
0.4484115158546278,1.2744131596171338,1
1.232081518311107,0.814822560016049,1
-1.1495249045409743,1.2187183663809074,0
0.47221265959554737,-1.3564405289248387,1
-1.3056700621123492,-0.43935684072387937,0
0.6620302957594008,-1.4363686994045397,1
1.6619448531264014,-0.48453453134136537,1
-0.7601826823365496,0.13349581365044094,0
1.1726264252178638,-0.8577690913585869,1
-1.4464171106022863,-1.0367283239189629,0
1.2482755171970439,-0.3621565787973098,0
0.7393598825366733,1.4197673528672567,1
0.6616256700679906,-1.3606516514377311,1
0.9879770001711056,1.2580030612492283,1
1.2393980640648663,-0.6969745074760412,1
-1.3339206424525678,1.854724426651663,0
-0.5986081587334463,-0.25730902648024223,0
1.2306405405482759,1.1263194007103559,1
1.0878905113795034,-0.06921525028976994,0
-0.25179042494260107,-2.1464737094825894,1
-1.0241591315907965,1.497354024721426,0
0.055268108241576686,-1.8492753283965409,1
-1.1737970709093586,1.7632788641817314,0
-0.8087501015249081,-0.7307959426884199,0
0.8443249611177399,1.0270553191670664,1
1.74620065823845,0.4573303001460213,1
-0.6138277633573833,0.026225628483260155,0
-0.14998881335600056,-0.7820611796059593,0
-1.20741774901557,1.4560785865324304,0
1.1805045786513597,-0.6161970904979694,1
1.162997816643875,-1.6385408543264348,0
-1.1199352059359833,-3.2246927395807257,1
1.1694936694062967,1.0692568184223377,1
-1.6317360114851138,-0.5661798101926651,0
0.705487544947606,-1.1137227102368163,1
1.4508293788589037,1.0845375841310116,1
2.347808182809384,-0.3990253858087587,1
-1.2032237062452729,-1.9996592834692475,0
1.1131887179053774,-0.7640615346259313,1
1.422445572690854,0.956758704705491,1
2.137321282487366,0.120054726601732,1
-2.912903832506646,-0.7137072871452248,0
-1.5928962895739125,-1.556220262566723,0
-1.0968568272179573,1.2678146347578023,0
-1.2329820037264878,1.9414528096874524,0
1.8081297834370185,0.2684812770455314,1
-0.7921189902044813,0.7398093777554872,0
-0.7299010444629184,0.4449814957304239,0
1.4554716168418262,0.4084520194900103,1
-0.771235997483655,0.42603551263538597,0
-1.0728097624201196,1.0097603172118463,0
0.7962423096406256,-1.2125658491171583,1
0.5567504521406565,1.4522703933980992,1
-1.2599479498765267,1.7901412098613778,0
0.6476982495959576,-1.2514231420790314,1
2.0130680678387676,0.3640396228208521,1
2.0735257549658153,1.1167537510017629,1
1.4867673912808446,0.4970078579803927,0
2.4905920672426984,0.3425455998369056,1
-1.0892873399848417,-0.058627943180891595,0
-0.42791044176798854,-2.5502137708864145,0
-2.6390075689912385,0.07507821401728876,0
0.025665995025672905,-1.9934867611173022,1
0.4604329101353781,0.7501942993789521,1
-0.9491713253421721,0.881837464564159,0
-2.2531964076714237,-0.9699876053423552,0
0.9995624705753043,-0.9956750959648781,1
-0.6107345305874443,-0.6633144389279229,0
-1.195336205983196,1.7973264105404971,0
-0.9589784748637808,0.9331352535926736,0
0.5705982047643716,1.2366774660203776,1
-0.32224173827096747,1.2133191199199773,1
0.1118637778599122,2.1742746820740275,1
1.1880540401531796,1.0824670320159318,1
2.6836510938102913,0.48549603753519754,1
1.686891768621193,-0.41475697606721607,1
-2.0731043158050086,-0.988740222236414,0
-1.3801161398324016,2.0707904454600294,0
-1.9433057364480613,0.20571365897927896,0
0.9276676761555448,0.866622175361612,1
1.5636848331409987,-0.4258580001835952,0
-1.405159293921428,-1.2044242919798365,0
0.9390692897139975,1.33980167406453,1
-1.3373727636837216,1.83017423321452,0
-0.9443382853041081,-1.5600667472076644,0
-0.42997854241684386,-2.5437085062295903,1
-2.38459831627556,-0.9623551970502365,0
0.7442441665046607,1.2893897969452819,1
-1.1546007816788477,1.3128678200995267,0
2.696266754563317,-0.1959807685836552,1
1.226896626467584,1.0994392222971583,1
-0.8297273183199326,0.5132472970846611,0
0.6367234954442145,-1.4546158696676406,1
-3.106185170533489,-1.5965297676340513,0
0.5246028898588511,-1.4236307176888379,1
-0.9828661727251935,0.5670002052051195,0
0.9649244476753371,0.16734007144249285,1
0.8637742329808586,-0.6422462109739628,0
1.4318768458719768,0.8144600699759568,1
-0.6300728533289679,-0.10238707811715186,0
3.3125953507178836,1.4555636055922814,1
0.3051930999790603,-1.2657074547054923,1
1.6250741080670896,0.08092505383510296,1
1.0551298472797535,-0.9566785244362703,1
1.6199862535140146,0.42958929665065604,1
-1.3132364561159977,-0.5215674688210405,0
3.4083546379273,1.1765369018329626,1
1.8645298723296966,0.9730480570764832,1
3.0075379812561596,0.7785680757955047,1
0.8642575718557475,0.8847055228376304,1
0.3188160140463404,0.8347982395701774,1
1.592210016519049,-0.21722250366232398,1
0.37809319130556407,-1.6903647986386225,0
0.4902144463075998,1.1854221148396813,1
-0.7740055388125301,0.42327076453807466,0
-1.092048891073538,1.3817076150435295,0
1.8619443020566435,-0.1951051783789033,1
-0.13978208089843758,-2.19624985747944,1
0.20720352457428204,1.7383571706334207,1
0.8367389262356348,-1.2699114397035665,1
1.3597203374258375,-0.29067848746976344,1
-0.9218977583961225,0.9471404588472376,0
-0.908768227722393,-2.9231962180935307,1
-1.0023072586106196,1.099128715870946,0
1.2546270651681541,-0.7877957431009254,1
1.4659215043163938,-0.4537909353688665,1
-0.6712205523172484,0.17776571425067822,0
-2.181969601292163,-1.5697362848846863,0
1.919457114387814,0.1529917812903706,1
-0.7833252990887642,0.25615228440127646,0
-0.9319242763325513,0.6876388918113797,0
-1.007592797041221,-0.8026435003349275,0
-1.0475400064516383,-1.5695933755639306,0
-1.209369118658316,1.1740076158915067,0
-0.8254006940144656,0.13688420269407198,0
-1.4128218743424683,2.238391680926922,0
-1.5353531161562768,-2.075010656061142,0
-0.3207816783748555,-0.3763829643115386,0
0.425780752651991,-1.480986113545226,1
-0.9569667085526941,0.785324423079127,0
-1.4394852092254289,-1.545137144000249,0
-1.2563053446317378,-0.4593819219717057,0
-0.6629398526917363,-0.09676007071456794,0
0.2368494664284615,-1.2577299196441645,0
-0.8226182872249465,0.2815768678500429,0
-0.48703647066970235,-2.4529035285906122,1
-0.8160001022331094,0.21697726779610504,0
0.786516747086608,0.7022783772125882,1
0.9209835208982539,1.1622620432909156,1
-0.704025396705217,-0.26011839187718033,0
-2.242647703020375,-0.8843488283985392,0
1.0634988987505172,-0.9223226179790425,1
1.6783233822949362,-0.31224992129963103,1
0.2053744337067238,0.04284370765976209,0
0.307638021940815,1.162993690200744,1
-1.5151289477934826,-1.8478064659267917,0
-1.0958146897294385,1.2915572104243869,0
2.2920313330972926,0.29222041666153076,1
2.0945977694643263,0.5460563672409298,1
-1.13022927002962,-0.46580536932914474,0
-0.26077488947043825,-2.282757221417466,1
1.5978338128409026,-0.579023644928905,1
-1.3643710640269,2.1621758226081207,0
1.5104617414846893,0.39793038905963163,1
-1.37661256207219,-0.6944744389218572,0
0.9105069356424269,1.2041393990915195,1
0.43931224579916517,-0.5710913048929858,0
1.315075087724819,-0.7206320265503674,1
1.9266134506613142,-0.14333047218895434,1
1.657395001408181,0.48585429714436235,1
2.025118338618861,0.12231409413717798,1
0.853998844053866,0.7676085350570958,1
-0.4334098873190807,-1.8242605091923465,0
-1.0344609992633869,0.8531913927684487,0
0.38291388849954133,-1.375768035678135,1
-1.4345048042879633,1.9944463883376462,0
0.8392489848862555,-1.338628294150677,1
-1.3924953535650577,-1.3487632636972267,0
1.4302010688505005,-0.5262540169817039,1
1.03884541787232,-0.9902072930205132,1
0.5813856222274489,-1.1561807864908322,1
2.3204052613174415,0.36706532170136574,1
0.761746776280652,-1.145139682733633,1
-0.627298470488405,-1.6962797641070786,0
1.3134562331885757,0.6578934400749445,1
1.158677438826279,-0.6630098252428114,1
-1.3795198114292824,-0.7247878953504661,0
0.4114791289312174,-1.600062951928925,1
-0.5218165528449283,-2.6355018521809948,1
2.084121840139707,-0.4469335021013273,0
0.4603082615652484,-1.709930624790342,1
-0.21238105924911865,-1.2791087238052778,0
-0.9779654352676307,0.9949441527361439,0
-1.1715059529364078,1.3667258807009437,0
-0.8068050066298311,0.8796361056003786,0
-0.7214424014516988,0.7015678367055627,0
-0.6371733740427136,0.4449000903827792,0
0.4024812577073318,-1.607434112167589,1
3.3060225161412844,1.242003682062998,1
-0.8348584679713968,0.5438856717926088,0
0.6209293962825099,1.354006297545716,1
0.8300696381030385,1.2727133905903585,1
1.669508461129552,0.10981965713264885,1
-0.29996452095212467,-2.2765702222730964,1
-0.8004610790397824,0.6367895159773442,0
1.287002582379579,-0.9614976983169312,1
-0.9988978651620106,-2.8983499258945717,1
0.7794853149001233,-1.2378181121199237,1
1.091811995390941,-1.1770313195613449,1
-1.283384611383416,-2.592093803068753,0
1.308776187533371,0.36222367095161934,1
2.861659709383427,0.639757956894393,1
1.2734322380870011,-1.0621864575478024,1
-0.8392202986760511,-1.831605115703984,0
-0.7937062748296648,-2.5832999185107672,1
-1.114548855150517,1.377020649194101,0
1.9780800885395178,0.43193059375986187,1
0.8326941368255159,-1.2472872652382265,1
-3.1964668772919964,-1.829333231210416,0
-0.2569751618281706,-0.8158000808553951,0
0.7244008509965636,2.23120030826603,1
1.2648858522995592,-0.8528849415583029,1
-0.7707137682377083,0.3522053060387673,0
0.7666845851532018,1.1941313610693158,1
1.059937670643396,-1.1339187223132974,0
-1.1297050182080612,1.3494176645527713,0
-1.2276070054689887,1.3824707065715378,0
0.09026909739750333,-2.1262518283231335,1
-1.598371211434904,-0.39976466872917515,0
-1.5858845793481715,-1.4383153469983792,0
0.09741994473717364,-1.6828877162826603,1
-1.126125503116641,1.4368386499785386,0
1.459946793836711,-0.3482476624009928,0
1.1390105353157074,1.0929725488109685,1
-0.16423902636568855,1.5473463212431473,1
0.9814621167726604,0.6417465993342362,1
0.9334370077867412,-1.092293539337214,1
-0.7094634708864046,-0.36719673260143826,0
-1.1039261582206596,1.3849082546555156,0
-1.0420426415640172,0.794297907629285,0
-1.075557164287848,-3.0096879327852646,1
-0.4643576731022343,-0.6881266775738037,0
-0.13500503666443264,-0.5104857294154189,0
-1.7343055350351355,-0.5366957966702424,0
-0.5156112250843643,1.3730661598228133,0
0.9916593532442337,0.6058426759054822,1
-0.91474389731744,0.8416338059172501,0
-0.25997358720772235,-1.7873503951029255,0
-1.5756824862930092,2.1861268435279593,0
-0.6592720791723509,-0.7394507785760185,0
-0.6900425318282091,0.4293079813117783,0
-0.9065174801773939,0.824332063219744,0
0.09070166920307376,-2.154605938675383,1
0.041697051391894835,1.267794744522877,1
1.6263437005687318,1.2038969692690482,1
0.9882019433262574,0.1184943754113561,0
-0.9755926216518895,0.8439397150109982,0
-1.2318822443730968,1.5638670761483264,0
-1.3947184771873633,-0.9289955230359208,0
1.0994857305858874,-1.0147068469063663,0
0.29765212542165176,2.1962016949510774,1
0.2935900880958252,2.043828597785006,1
0.9099224645160815,-1.246429591466961,0
0.67783439433961,-1.4965731654530356,1
-0.7718385713752427,-1.7840768341624833,0
0.33790363062575224,-1.601389808239774,1
-0.5409596819948999,-0.21918410716275138,0
-0.9874080016735812,0.951830009331749,0
-0.6801354551939955,0.2368772542413652,0
0.07918457333423434,1.20043889627053,1
-1.100872339619939,1.2910621349151106,0
-0.5918961769969163,-1.5657828548190647,0
-0.10286474591208283,-2.1962836364581033,1
1.9565434384535885,0.3183165295635699,1
1.457614658672558,-0.6436260699238403,1
-0.876963813485687,-1.3116856653044031,0
-1.199908921020061,-2.8141042190560723,0
-0.5945096997762458,-0.41449742919707777,0
0.6505724080887627,-1.4494684136500497,1
-1.1560727829267254,1.3448081430256442,0
2.111901282221579,0.6530006883333477,1
-3.4337657505428427,-0.619031195332093,0
3.0294731726435007,0.42459335248765195,0
-1.4149536045775368,2.021363334725801,0
-3.145907971644546,-0.8935353275640582,0
-1.6324752998397578,-2.1534574995682463,0
-0.5562840380974798,-2.7219287681458217,0
-0.06665632458244586,1.2195809897468033,1
1.3578133628310947,0.7461240128878551,1
-0.47569292633091975,-0.09344493362015105,0
-1.3715002066931214,1.9051742262590174,0
-5.097099354964133,-2.573864146722682,0
-2.3625061626385415,-2.1218746273695515,0
-1.0178768733953698,1.0069575474160057,0
0.35848016050019504,0.7844718765117416,0
1.0485755615213415,0.7347531971909858,1
2.0223569537977046,-0.14342991328858434,0
-0.8118429433348036,0.37432109865809005,0
-1.5228558769706966,2.6145701827883165,0
0.9659472273035975,-1.099868634711058,1
1.1432996648549574,-0.7571972460918663,1
-1.8953544732387888,-1.3553990021083193,0
1.6253872390199056,-1.6787507962300334,0
1.3846917070306826,0.7592767394195105,1
-0.7110805230797592,0.18951835758769198,0
-1.3317610835863738,1.7429356646276122,0
-1.1863491142767608,1.447375070094453,0
-0.9559530167910972,0.6929370235838884,0
-0.6167617832788876,-2.5732780124242334,1
1.3311390286316551,1.392086602162922,1
-1.0263306017964526,1.1643678645572584,0
0.5332944105708206,1.8507935251175611,1
-1.0654860620659137,1.1225279184430101,0
-0.8300586550550568,0.7802620095244366,0
-1.1228794242622167,1.1610733354122975,0
-1.179316665081219,1.5651988493096738,0
-3.9181843042818936,-1.8147194893826233,0
0.49147813599291046,1.9208833996421522,1
-0.5453527379105922,-1.4856434384200985,0
0.9756546031744375,0.751691605924425,1
1.0223943331992817,0.4683387692774976,1
-1.3622403406367152,1.7500972291113088,0
-1.0638392082859907,1.0922169868054215,0
-0.6702925050766969,0.050465649339702434,0
0.10495580471457377,-0.7603157710307931,0
1.656950747320907,-0.3214004704551976,1
0.19416122081919296,-0.5744659946241746,0
-0.7787045134853142,0.3049685916832079,0
0.24320877010239328,-2.016285270110937,0
-0.8756987194430508,0.7210172306348643,0
-0.8472032107240508,0.45153039972900333,0
-1.4019040452024116,1.7014389134808185,0
-0.8501391397624624,-1.5862859467260149,0
-0.6554828666965793,-0.009999275073972802,0
-0.1950808039275458,-0.3076958705468834,0
-1.3554950325174986,-2.4923247378856423,0
0.6638193773617774,1.7092382648871758,1
-0.8359379289985727,0.899949813168193,0
-0.0017577346428152563,-1.7734768659215923,1
1.8275943073714043,-0.059940611861022064,1
1.0308978616463713,1.0048287150061412,1
0.943129293487555,-1.4889882334918623,1
-1.2227590061448659,1.9298928075246256,0
-0.6289709431509716,0.6060210486219291,0
-0.17828407361074372,-1.6669037513795901,0
-0.2605294207058457,-2.3490340589518093,1
-1.3027582885137434,-1.3433613078545856,0
-2.3089273371037002,0.018224283025874977,0
1.3762043090430447,0.5521330401612866,1
-2.6631832663346424,-0.44298624409047715,0
0.7586651204729742,-1.2834260108202515,1
-1.1047027134743688,1.4404821065155824,0
0.40458297825772815,1.1098237369586126,1
0.908025465542273,1.1654641860043924,1
-1.3683147005291894,-0.005790840082471771,0
1.9929966796685905,-0.17141717389014444,1
-1.0541448390293522,0.8383688712271079,0
-0.6629786113349083,-0.16917024639834666,0
-3.242082428506069,-0.8116905227914568,1
-2.2532962686594535,-1.274225174374339,0
-0.9649533431527794,0.9684800663347576,0
0.4790475319147781,0.9718379962358306,1
-1.384082574154282,2.2993580430207943,0
0.42063850003777703,1.8399644423736228,1
1.3060209401050544,0.6315102661113501,1
-1.0650544553713597,-3.2367307060847117,1
0.8028631159411496,-1.4660038840747631,1
-0.8880332323005979,0.7435295068583881,0
-1.0064311580452827,1.1444111450578693,0
-0.2382871528558974,1.5279972940345057,1
-1.28543021596267,1.5558921554038256,0
-0.731518737040757,0.13518634731598722,0
-0.915053710998413,0.7115508672319093,0
-2.3280101497424406,-1.2592124411920247,0
1.5701555868726924,0.6438700104733588,1
-0.4783289543462588,-2.5155553930216863,1
-0.639991523910428,0.15847931681022376,0
1.300563661929575,0.5566415141743688,1
1.7680147774534578,-0.25775458057668754,1
-2.7541164047042215,-0.5465106460875816,0
0.514266467748286,1.197367994836889,1
1.02421022311137,-0.9580409542274602,1
-0.9841971339928077,1.1386365504169096,0
1.735313943124726,-0.059601695496047435,1
2.281490139165771,-0.08287183006093746,1
-1.0011992668219236,-0.05919332723412507,0
-0.7213128893146186,0.3894017805083181,0
-1.3876550119012767,-0.4698130712329218,0
-1.7201770431494379,2.8362045487012613,0
1.4809861488578169,-0.643894183656763,1
0.032924935200505545,1.578919221038158,1
1.3273875520728469,-0.5287102454883648,1
0.8308033158753024,-0.8781200423148394,1
0.41860466470287927,-1.7060021637058052,1
1.66901560051897,0.062024008450934254,0
0.4917647098929825,0.984105168658689,1
-0.6326441197147824,-0.5345323409418472,0
-0.4911998653452132,-0.40741923736616825,0
1.4153439065654183,-0.7412330048224144,1
-0.9550117752653274,0.6089426501639497,0
1.1208957279488079,0.9969906526664724,1
0.5772666621957738,0.9153149951245924,1
-2.06855340531518,-1.1028460183170388,0
0.07344932624371292,-1.6975061749190816,1
0.8487708346321223,-1.028173149036979,1
-0.8889185114415371,0.713911767394542,0
-1.3007353819326686,1.8437391972352684,0
0.3829339883633649,0.9222707117896594,1
-0.41935932213265537,-0.5561374464001982,0
2.212875792015528,0.24806220757146624,1
-1.0003882137308313,0.898550137985961,0
-2.6413802014875873,-0.8923225303162508,0
0.9171873742248218,1.3243748090917886,1
1.6489979887946729,0.5777050147881793,1
0.15583309709625315,-1.7571775468089808,1
-0.6556372262918155,-1.1553167671803954,0
0.021866794781774,-1.96950421234718,1
0.5345956654353909,-0.7049391438347001,0
-0.9845108789517667,1.0232928351110409,0
0.5089298975958689,-1.4841443873383662,1
0.19390522345128303,-0.9041553107560231,0
0.3058862051917973,-1.6646357506491745,1
-0.79946609185065,0.6946243273954249,0
-1.85492924245085,-1.242690399380987,0
1.3427646207900361,0.5135795089500803,1
1.0621025374563096,0.23097035276823397,1
0.3194729733337872,1.6870853700409183,1
0.3667742226809735,1.5268257648641863,1
-0.8896506789521463,-0.6862776951752755,0
-1.2805485746764713,-3.3077934182517006,1
1.2274159021783915,1.3835002158617595,1
0.8346761702825012,1.4133334814704028,1
-0.7171939189974705,-0.47312346572332054,0
-0.7764004894856799,-1.2970268963770533,0
0.9859722114991131,-0.7470336106173252,1
-2.6266907572310543,-1.1749220641336928,0
0.12233597538737329,-1.6978888361149753,1
-0.12144119814702647,-1.823550482972641,1
-1.0108005229108001,1.1453683879885173,0
-0.784791624578408,0.6231126667568962,0
-1.1217085098101824,1.2138626087282733,0
1.3096010498089083,0.7064938850184243,1
0.04172484375210084,1.7455603319128197,1
-1.2646744377434573,-3.016171099796366,1
0.43525160878082825,-1.7748973941414956,0
1.3841779153570768,-0.5974951032525182,1
-1.729720944830877,-0.4048894592176574,0
0.1218061371899104,2.088316231881464,1
-1.503011273562955,-1.569637078074452,0
2.3026773450525853,0.140628747005218,1
1.3046352758749333,-0.5360058125789923,0
-2.323958180304139,0.06646986781405206,0
3.3222964833940134,-0.8621246981081261,1
-2.3752216727244413,-1.2472032021212334,0
-0.8475717590232871,0.5174136760776011,0
1.256175128800606,-0.7173048387089942,1
0.5969015181133805,1.5574692068588467,1
1.582384289931413,-0.36330115410304475,1
0.8912251608975065,-0.9429357143828907,1
1.3830176349087386,0.6201061808151838,1
2.290469385533621,-0.3106379711636682,1
0.234165909310168,1.55897324116783,1
1.3351459999220623,1.4087237711976872,1
-0.9385863492638447,1.0691579305274006,0
-1.1151926063259556,1.3325131687380547,0
-1.155162487200529,1.42064889617235,0
-0.0261186437243468,-2.0815305304312326,1
1.974879175923744,-0.2828913085247158,1
-0.7920491552804851,0.1561469065002309,0
2.2927824636961196,0.18998724823266255,1
-1.3849396573535508,-2.742839809581725,0
0.04897325079119663,1.4494367675505786,1
0.32299682596922086,1.759563143262398,1
-1.2140735101882534,1.4246531273430585,0
2.2886100933487468,0.1284220866297756,1
1.8643383001859521,0.5112266734368932,1
1.9571299394894597,0.7334684994280352,1
2.293902963487267,0.335201654855547,1
-1.199638339853014,1.437796772208389,0
-1.1342159507984069,-0.07418811181003626,0
1.8424375695523922,-0.1718178312441283,1
1.256608213016127,0.745362269672184,1
-2.0837030797094007,-0.7160966835908359,0
0.6485526948737935,0.6136780812409903,1
-0.3848926595658124,-2.283703241793819,1
0.9514165811647491,0.8785402548639442,1
1.6042499842840667,-0.6787269031437084,1
-0.40400347058358266,-2.1339595204070396,1
-1.0563829273516376,1.2064051267751001,0
0.1377202591899459,-1.5845942213170505,1
-0.7129276182656084,0.48687082057051223,0
-0.6752715157844642,0.0710169436083502,0
-0.6180292826757221,-0.40887053565981324,0
0.13454911388857682,-0.2634244433608104,0
-0.10507975340764042,-1.5363597100237252,0
0.5395925597253999,1.117121282156577,1
-0.6466448651770134,-0.06294447367218137,0
-0.6416189284453557,0.09939444828058475,0
1.0379635590882392,0.9216536177415092,1
-0.7647812586936522,0.7280396623502114,0
-0.1982464763616414,-2.1308424154873435,1
-2.275098339990641,0.59153043812552,0
-4.139053521560953,-2.1925907339638977,0
0.9583881837718446,0.538320693688026,1
-2.2576926047320773,-0.9569279447381595,0
0.13084011066529466,-1.9816223989284492,1
-0.9085907832724283,1.039767548725933,0
-1.0200753677836845,0.9356859490804404,0
-2.0213933588410438,-0.622256500050349,0
-1.4941296193698461,-3.334708070125981,1
-1.488699253515438,2.4102072276655937,0
0.7182903916153343,-1.3373947474717982,1
1.1247523103605959,1.1888752688130058,1
0.21211204354189805,-1.8334250885799694,1
0.8666695514735177,-1.3551621438955919,0
-1.1029088754135348,1.401900399436601,0
-0.8230786347664774,0.40152106056999526,0
-3.083217979320141,-2.2751176501657673,0
-1.0635099538160713,1.108881782451598,0
0.9761677320030744,0.7370635783768125,1
0.9647480010367916,-1.0306544146802132,1
1.8783163722343845,0.38958906444746133,1
-0.9507928472026022,-1.0192388572671454,0
1.8576167186404973,0.8372410871948648,1
-1.4010923715244512,1.9577868921676487,0
-0.8552031676062877,0.4571848418932145,0
-0.8972060918661431,0.7120939641321418,0
1.9573416922306957,-0.14198913502534927,1
-0.7251677748202006,0.3050276275099746,0
-0.057973152468652644,-2.0664645170852625,1
-0.7483259312401305,-0.999425898576892,0
1.2977161290619517,-0.7647776943556911,1
0.3876685176412634,-1.7984212077086257,1
0.36495612666269606,0.9983156402757354,1
1.3723367758129306,-2.1455822388342467,0
-1.877946366065106,-1.1029267467497987,0
1.1754449717687865,-0.6649647804526089,1
-0.9099917613808883,-1.0697187409109157,0
-0.8790194108878736,0.5014059253189869,0
-0.811327745162613,0.5596277275352586,0
-1.0608206073399364,1.105245210928219,0
-1.210974736587864,1.4820910347953271,0
1.2667393695378937,1.308866806345262,1
-1.365144628350373,1.7456388898233368,0
-0.4534386602943057,-0.4636009787611901,0
0.8116647033790843,-0.6328956575059138,0
0.8920820628672463,1.8238512234862918,1
1.2994967544437812,-2.476185506960446,0
2.5709877050090073,0.5359568131910268,1
-1.6644305704386997,-0.8957088656327918,0
-1.314806826224964,-2.852985549193757,0
-1.0140044781785231,-0.5461947730548737,0
1.6903107000412811,0.1849921809999745,1
1.405430827650758,0.8984969121204016,1
1.0408568101422229,1.5166453683033412,1
2.0185490230729473,0.8153204269913628,1
0.23098678815068507,1.74588734242336,1
0.6161746352064327,-1.3023692524524393,1
0.9835809164269234,-0.6656280619450015,1
-0.5631703223332962,-0.37110086227988015,0
0.69175021489042,1.022996058128187,1
-0.9326660590569074,0.7384951374010704,0
-1.114344289705352,1.5105829446687276,0
-0.7856279511008838,-0.8034416931775558,0
1.027732056081407,-0.9947774235487068,1
2.8955263360886985,0.6708196921534628,1
-1.0348375296809738,0.9570743096882137,0
-0.9590026520050244,0.9611308666821474,0
0.29357113958585057,-1.4167323806548988,1
-0.32804212239762687,-1.6257034427250598,0
-0.5937167258372682,0.02008868722363466,0
0.5515255888801092,1.2010550483204838,1
-0.7606210124103436,0.3388674012194771,0
0.7756531857743117,1.216662416415057,1
0.8904228659207422,-1.0002346896071304,1
-1.0985066978087028,1.2685058825239,0
1.380188917893834,-0.6888015919136652,1
1.3148843162906987,-0.6090183429975549,1
1.8276503423310153,0.8948251175964888,1
-0.40036979886169877,-1.1705831922857737,0
-2.1040810496970144,-2.3253838431778475,0
0.2382693758516361,1.8331133352825464,1
-1.062769570775187,-0.5846035629077828,0
-1.1122885621529752,1.5639678510902457,0
0.7393313003037187,1.3467084163828913,1
-1.4222853431501234,-1.4003492149374581,0
0.08288606475826121,-1.6299792060784932,1
-1.120591750262264,1.4909871894359314,0
1.1096578790187384,1.7530496319745872,1
-1.1646395016363102,1.4885983219134553,0
-0.9179971075696892,0.8670856496347388,0
0.8680162051456101,0.5453315808138053,1
-2.7615115832032755,-3.06509059001667,0
-1.553847130142651,-0.8955430088898932,0
0.3235879824630207,1.2018325541176,1
-2.099593685053379,-1.941315643366023,0
-1.3627307111296216,0.002739968527110337,0
-0.8038828578539612,0.5049453634508306,0
-0.5096423273095836,0.03960366591843312,0
0.7958595772773487,0.9926862710154625,1
-1.0752306726853016,1.037050088061671,1
1.0572081081440583,-1.319168188751216,0
1.8576349134428531,-0.4009154036734909,1
-0.8522884966500309,0.18474456879581835,0
0.3551542240416333,-1.8133270101368004,1
-1.512137435497426,-2.1217912256361213,0
-0.5831101068302487,0.11240814357099316,0
-1.1377373230352468,1.5703802141680452,0
-2.699583909485378,-2.0591735554902098,0
0.42247160957797447,1.6509349364617303,1
-0.8740070848239518,0.6550532460167616,0
-0.525488611920377,-0.35523199919650517,0
1.3769637682153568,1.1478822850345378,1
-1.4668945250567216,-1.9852113216069305,0
0.6962477831410949,1.1637304882018729,1
-0.5211263959047701,1.9199642863272084,1
-2.20159390473698,-0.46003956575747296,0
0.12834120677263705,1.1017341984332598,1
0.1372248613016277,2.102509510138339,1
-1.040850395793036,1.0296925596640767,0
-0.029564374349235978,1.523440420119515,1
0.7423655429089095,-1.2493864344270118,1
1.1145760906991407,-1.0972418375169675,0
-1.1174496148328745,1.2165666748660748,0
1.0770540821010453,0.8780249721721652,1
-0.43226992113065077,-1.0068389178643613,0
-0.9395241064187373,0.9710857214583514,0
0.11866135850429504,-2.010460666277983,1
1.7660355396306047,0.5016058264813803,1
0.8654244175610242,0.6801051233305434,1
-1.3119400790140632,1.861834008907343,0
1.514098251504862,0.6466480226891677,1
-0.9004673664369125,0.5761653433543645,0
-0.9032500879005168,0.6544467672389049,0
1.1534737121304948,0.401140914510286,1
-1.4181344196280583,1.9799287360011086,0
-0.899845261813428,0.674069341886388,0
1.4172405186109478,-0.3681857852431337,1
1.483658773769269,1.4391638468969867,1
0.5118033858776272,-1.4941539078207031,1
1.2091834920566382,1.2633443554509496,1
1.250141410364555,1.5385643617055904,1
-0.44861999261647423,-2.558840588786269,1
2.0744351309413034,-0.15297303231030335,1
-2.917645620518973,-0.895021852502597,0
0.166324859093834,-1.8854497399289305,1
-1.1741605865076576,1.6715026507106958,0
-0.6227829609531104,-0.11682983227536281,0
-0.7963650764461617,0.4552673112200474,0
-1.4757057764209256,-1.5489125628432432,0
0.41337160794838734,1.3533273836645838,1
-1.8547674413051607,-0.5765342976808022,0
-1.6286042565928023,0.5200776982136464,0
0.08604969488796432,1.5512196307982362,1
-3.5480117621529454,-2.101233494577116,0
-2.1805022335919664,-0.7015890722553302,0
-1.1003886347462997,1.420700606032814,0
1.0023620689006474,1.3069534898264203,1
0.24423958836396187,-1.5762422416680542,1
2.762720611614101,0.8074747401712508,1
-1.0394858230995987,1.1682753936036938,0
-3.722730193891492,-1.2466162944350325,0
1.2415767401408486,-0.05192269525040927,1
-1.3713546221755262,-0.5846040968330226,0
-1.232713857931498,1.3814534048984621,0
1.450314839763596,-0.5788485636521694,1
-1.1278155904704796,1.1890586742668026,0
-0.45238902254775504,-1.801762810638073,0
0.8421336571601551,1.6002693884448669,1
-0.590920735100049,-1.003373106776093,0
-0.7138406558473545,0.3440239441092582,0
-0.9634244638621913,0.8259397907836962,0
0.4065174909536923,1.2715028624815967,1
-1.0856796143791407,1.401554414129181,0
-0.6240253986102989,-0.2978570212321132,0
0.9282341594214765,1.114309980035789,1
1.8070257183240717,-0.307306074083606,1
-1.200149899429113,-0.1891493791437322,0
-0.4395447737949342,0.14777831880043402,0
-0.1523022686833595,-2.153666310010075,1
1.9991140841227752,-0.20579837767853038,1
-1.8742629153763817,-1.4500674586387072,0
0.31639086564710295,-1.8002606332185933,1
0.7668625586526686,1.7206966178078853,1
0.9625378948663866,-1.1131462900992635,1
-0.9433530227668386,0.9961259081572895,0
-1.168522000805612,1.4004869479923054,0
-1.0384001692208087,1.1608205339106266,0
1.042524201679763,1.240388313456714,1
-1.4938759859033128,-1.0255695478499236,0
1.4090500462140088,-0.6622039685674985,1
1.6853939087100835,-0.3526960564346934,1
-1.1668548816375206,1.4349270581611857,0
-0.8597746208757124,-2.7545277230600793,1
-0.9312293829424045,1.1285966997692634,0
-1.9523872905326956,-1.5622887046860945,0
-0.12687722980637672,-1.52826148422748,0
-1.043817782805283,1.3754288444479887,0
-2.7640278500866224,-1.7000845152130584,0
-0.16331327070050916,-1.4990538048354427,0
-0.7877727188631549,0.5252746932987002,0
1.2495957785772531,-0.038356945025264766,0
0.8969233239569057,-0.8189193300541093,1
1.6895344205641796,-1.3273569105101894,0
1.6641492315274728,-0.326852199381926,1
-0.2538074190133972,-2.02398046212392,1
-0.7773980667701529,0.5779972670518132,0
-1.3162256084655644,-0.9653960597253369,0
1.6400368577681472,-0.2657943054916857,1
1.345901386877643,-0.6310575995308452,1
-0.019216862473689145,-0.9186305745586546,0
-0.937036019556604,0.7891984555759679,0
2.747332287937124,0.7676716400265999,1
1.527235756865549,-0.19374003441887322,1
-0.7550551944841432,0.4487681377371263,0
-1.1347341642724504,1.4502310036071793,0
1.7293471320043283,-0.29629505226653396,1
-1.0445015591614213,1.206272745316023,0
0.3826188587349695,-1.716429869645089,0
0.3776500220609509,-0.7844526261090046,0
-1.3695516198850732,0.11022650617615914,0
-0.5084522340228846,-1.2237422659423136,0
0.2960426361812709,-1.5690347850989679,1
-1.088989402831056,1.182541413702064,0
1.6694472946456038,-0.4347641144188876,1
-0.8306895584279055,0.673235531565151,0
1.1926938316163547,0.9696848656910828,1
-1.1911304761995967,1.600382922536795,0
-1.4810522006131774,2.5229776867962,0
-1.215436841104828,-0.8839840133984977,0
-0.8780945659933426,0.7855764006790804,0
-1.3484138601387414,-3.2953989183884387,1
1.2405540934690777,1.4665373501785384,1
1.0003341642979946,-1.189490949081099,1
0.7303192646040548,0.7352815877467258,1
-0.5569667469292849,-2.3065613083620664,1
3.2862564867974835,1.4673466153167931,1
1.6387250194619476,0.6407153302031076,1
-0.59410359785855,-1.3795395933787493,0
-0.8279430779982199,0.12049011583636093,0
-1.3514067379299297,0.11116496842991808,0
-0.8954144393471815,0.8948105436763061,0
2.0386176030751866,0.20477582119604554,1
-1.0314704499294058,1.1530772686401085,0
-2.1934050294912346,-1.363656884360061,0
-1.037973528930376,1.283447558036562,0
-0.01571506200861217,1.7773781345707045,1
-0.46378723708799974,-0.28796910030127343,0
1.9034110667937751,-0.13513917316166602,1
1.8245088282036923,-0.20637870983084827,1
-0.7595654060474992,0.3889807164945951,0
3.2621802770311144,1.0878450504242259,1
-2.3811985809740372,-2.113484950796453,0
2.2111007229922364,0.3279355181496926,1
1.1378262666640784,-0.692983065295945,1
0.25184698921232884,-1.7532206005411557,1
1.768568993157278,-0.32032375808901614,1
-2.204652222185039,0.07861413253437499,0
0.9558375590575164,-1.1582730261116054,1
-1.0311860696863915,0.8500345701177132,0
-2.1002917970177877,-1.3717615524928135,0
1.2214907693275696,-0.574349991654235,1
0.7926829204531297,1.310584340877342,1
-0.16414654140128349,-2.2457590664730773,1
-0.9258941825270501,0.7342042530805608,0
0.31950012038190123,-0.5842731307062548,0
-0.004676992821552206,-1.8096279650314866,1
-1.0800369444497526,-1.725531846102748,0
0.9761383951633814,0.17650113357966668,1
2.3851273206763004,0.8795553884986821,1
-0.9384955764099837,0.7941662927843995,0
-0.8352175973379509,0.4571509728390847,0
1.5444174187319546,0.61200275533504,0
-0.36188012341312703,-2.4112843444325702,1
-0.8424759749887409,0.5123377692723603,0
-0.08410465014675239,1.5514924784276594,1
1.81137046730964,-0.13505408574868816,1
2.826205697951674,0.7606303830912586,1
-0.921174285315215,0.7154067316324986,0
0.8401663357146595,0.6986629582931425,1
1.480112594342573,1.1705413780294982,1
-0.6640209840005533,-2.814247471581769,1
-0.9783278318025196,0.868461469800009,0
-1.1589597328039087,1.5106376778987642,0
1.0664138424323828,-1.0305547703153939,1
-0.8846607857415328,0.7456747715698804,0
0.379801684459395,-1.4906872598773453,1
-0.9909291982419072,0.885692167493653,0
2.2799019869306028,0.05904674770509222,1
1.2111466863325644,1.278640801462,1
-1.060429537163146,-0.5868128085837245,0
-0.42661556404669065,2.05115326560961,1
0.6276814086136763,-1.3488972268271835,1
2.395261002671753,0.3085382208090144,1
-0.8660669525946039,0.5670834685020746,0
-1.5650883447912523,2.837547137480816,0
-1.0147515751381349,1.2089814246826271,0
-0.5898106943005516,-2.6597051184475538,0
0.4740724234799316,1.0267440746828025,1
0.17211340058193425,1.1469454190895385,1
-0.40461203412916813,-2.526561672885941,1
0.17660046897021764,-1.7758715849909676,1
0.9462184425400326,-1.1158396750522441,1
-0.6462500393663497,0.3516619296521324,0
-0.3000886545993031,-0.02261678880676854,0
0.9105570280776107,0.6329160358311037,1
2.0141146238841623,0.19405393699137674,1
0.5800047502191934,1.648610521982142,1
-0.9688289187066815,1.22387165892064,0
-1.048331735854362,-0.6083097996709723,0
-1.303935628800264,1.9598204824881686,0
-1.0908831267582344,1.1926835471939456,0
0.1022061305774753,-1.6298011849166048,1
0.7472039628061415,-1.484082449019144,1
-1.0608366053541325,1.2048359079517095,0
0.4479760165947897,-1.4832877795091874,0
0.5927374973064465,-1.7940521888034793,0
2.958978334272709,0.07279912933828825,1
1.278484691729149,-0.5256949340371915,1
0.7768905372946259,-1.022001388372496,1
-1.3242843456202795,1.6932650955013027,0
-0.9440444054073757,-0.8043368024182137,0
-0.7410550777666924,0.3914044297598488,0
-1.0021373437568337,1.0051663909946715,0
-0.9027510825599218,-1.2675675957157555,0
-1.4357315507385988,2.1912476925841586,0
2.0850597425770845,-0.0074284211291234525,1
-3.004370135289051,-0.7720166956667514,0
0.1569608854620268,-1.0894080916086073,0
1.714989932898564,0.5824921775126808,1
-1.1772910257914238,1.5861096171359246,0
3.2284791438941265,1.0728941971835888,1
-1.189343143237376,1.4931670049323182,0
1.0413694596249465,1.034361006369517,1
1.743636281310855,0.8684428221298395,1
-0.17182904021969136,-2.0782922729110176,1
0.8132580328014322,0.23100909566095906,1
0.731675422642968,0.8628471764492445,1
0.23198959339847192,1.8132084151626469,1
-1.321575389553769,-1.7305272081236784,0
1.6178924143038151,-0.6098783443273013,1
-1.0752373847967156,-1.4645808932638826,0
0.4278333627197506,1.0080440978580933,1
-0.26817661728601194,-1.2458935296740732,0
1.2296799585192344,-0.6544574865408472,1
1.964258961769985,0.1976122350899444,1
0.9911501917334613,-0.8429032561255341,1
0.6022690734822589,-1.4932476989655699,1
1.3642095441870037,0.664484773807145,1
-0.1862631602183984,1.3481512650879823,1
1.2872716314846815,-0.5915118198078559,1
-1.3359426687264355,1.9218355695545126,0
-2.086887428958353,-1.180631053975713,0
-0.9302917376211763,0.8227337398537885,0
0.8570129585718527,0.5424896848169477,1
2.4304444930443134,0.30527796172998545,1
-0.9134547208680831,0.8230447703056265,0
1.109943891210038,0.7385136634093666,1
-0.9714381095288106,0.9075597138184608,0
-0.7595010976789482,-2.823386230723921,1
-0.8048751059060106,-2.9309747782095172,1
0.5032893479527698,-1.2942862232939134,1
-0.047941854102773296,-1.2203230940157472,0
-0.6900524309619518,0.03887900793852461,0
0.3056202978192215,-0.9725831150619167,0
1.4541279485306386,1.0363481121223237,1
0.2912897258297157,-1.5654295725166247,1
0.20140140738638335,1.585743678053735,1
-1.5290138651416303,-0.5178587444538645,0
0.3620921436333674,0.9876771202166571,1
-0.47052540815653465,-1.0748065491199799,0
-1.1064628495767486,1.460538789737477,0
-0.005046846104875602,-1.9725258601195184,1
-0.8964899282927564,0.8819060007759159,0
-2.0851481895971,-0.832852561208147,0
-1.5824395963020146,-1.914577422739419,0
-1.0144525985638786,1.248327978748382,0
-1.1246593885036618,1.0130412646750915,0
0.36632418915199927,-1.745902988133434,1
0.13151281327294595,1.6490386319474382,1
0.0605654436448162,0.2613454112361311,0
-0.9418173828697358,0.8713022912834678,0
0.1906378141327132,-1.712727092492238,1
2.2633244474594516,-0.8081694870117944,1
0.8541700366203926,0.906644254120866,1
2.1047718329962786,0.1413458935264944,1
-0.9006127554563295,0.5053975888209821,0
0.7184083885450798,1.1419534938019824,1
1.0374475846104323,-0.8160947225704123,0
-3.4642237887457954,-1.1998344768514786,0
-0.9678353777293341,1.1004210057855779,0
-0.9602744952077337,0.5680653408480651,0
0.15352774674670877,-1.7951000900081113,1
-1.001845150966188,0.8057419780193926,0
-0.21621091110971347,-0.8100206059214446,0
0.1929453415094643,-1.728401183140909,1
0.9332815356581685,0.23552415975571606,0
-1.2393307789543866,-0.6001721417442558,0
0.2973888921040233,1.7687934517695914,1
-0.8408425858463064,0.7449178266650935,0
0.5263981865863501,1.2347506294841923,1
-0.19804373063841763,-1.2978380703114252,0
-1.102334982481868,1.3390049841893623,0
-2.538431002175534,-3.2145833021697574,0
0.5625379592584565,-0.864833383658911,0
1.0648586169367729,1.219298779957912,1
1.6592141084723349,-0.24613369618436653,1
0.46752714687257246,-1.5479340067664629,1
-0.7709535646987523,1.298054340978906,0
1.5856859520715858,-0.3886683086203141,1
-1.9503169660987296,-0.440995747313901,0
0.4153156192745402,2.3338399468349644,1
2.1108215629164997,0.03981586480307009,1
0.26386588681475,-1.399692051660363,1
1.370487816978847,1.1455267148636836,1
-1.6843250337329896,-1.7967056430573498,0
-0.3018539857922289,1.4096076505758417,1
-2.017464666207027,-0.4135148938846408,0
0.7681847173475627,1.2047299400130171,0
0.9793579431907208,-0.865358493994943,1
-1.6056190961149128,-2.2166979339675734,0
-0.9114362245489961,1.1286489399182298,0
-2.0600710238884363,-1.3445071202946457,0
1.983394398294179,0.9770071209386864,1
2.181583739679942,0.36608921871008815,1
0.1872380714272387,1.1560067403022165,1
-3.1937476677772754,-1.1303002581872954,0
0.6189318945344893,-1.1818875304654648,0
-0.6554857911900631,0.1918680858222367,0
-1.6803740710429842,-1.0399205013484147,0
0.739397545539248,1.3229852779252982,1
-1.0674729807476961,1.1583686622235032,0
-2.2731669370973826,-0.2721350164830516,0
-0.9835571032990295,1.2361720644851961,0
-0.568739083994833,-0.08122012008802693,0
2.140232654480185,0.1764368247689121,1
1.4187261536046816,-0.6379612999429572,1
0.5706757256679806,1.5036515341144252,1
2.2148894311557985,0.3265856464728487,1
1.3572270576739045,0.3273921864645857,1
0.47363867309348684,0.5988015859578834,1
-2.0760683133768407,-0.5706319253272063,0
0.7386936971471231,0.9653441993310459,1
-0.9223474888436634,1.8001339151257305,1
0.6856542491088599,0.9863634846632251,1
-0.6706496213252812,0.22580518644299352,0
0.23647076552431923,1.2222551591457205,1
-0.9882661394008413,0.8923698160614634,0
-0.9913242683223293,0.8800886526428023,0
-1.0296927597037355,1.0522273294275206,0
-1.7103923123262454,-1.6373310955801628,0
-0.6119075797600724,0.13563963072512253,0
-2.131482333822735,-0.4603932502469362,0
-1.2072533833091077,1.4588657391402582,0
0.35694865764988126,0.1683360179058988,0
1.842193983136076,1.0208853664660436,1
-0.9480788376431359,0.6674890266422928,0
2.1655916219570344,-0.2537842181787031,1
-0.1271440413758066,-1.0414632988155252,0
-0.39890623737890496,-2.2195429573030725,1
0.27397879937917025,1.1101362592289765,1
-0.014177047257079134,-1.2101194667718405,0
-0.630786427660277,0.031505488330524245,0
1.3756368284927147,1.7554234324612747,1
-0.6441815959669337,0.027929978152095192,0
-1.7427089131209585,0.7909472305928573,0
-0.9891168405143627,0.6893161469737654,0
0.8973593439032301,-1.2048727444935072,1
0.4767403509720851,-1.5054082835410305,1
1.092410122750456,1.174418872132552,1
-0.3567669777749185,1.530109137833822,1
-1.196715422541977,-0.8007888236174601,0
0.3185868480698516,-1.2787305394757718,1
0.7359930834394185,0.9049252813611581,1
-1.229642943442375,1.7184505206341745,0
-0.5732569569587382,-2.587670640726332,1
1.2099351232101225,0.5197497862011908,1
-0.18802935271932775,1.745600096043348,1
0.9886565396149607,1.7628947530230654,1
1.2136807366922782,0.6751038446680462,1
-0.5866428376397986,-0.19045677865778443,0
1.5141259067121757,0.8323843367483683,1
0.8738633264008095,1.0241476826417506,1
0.6136604092344202,-1.340093021013307,1
-0.5133226084108715,-2.615368486349313,1
1.0971870820119367,1.398310504996088,1
0.8838956043234664,-0.7519794716859688,1
1.7451813149236401,-1.6880413446027085,0
1.7939160573584567,-0.008660957404232894,1
-1.1490321493392779,1.4290776549535422,0
-0.8867746142123983,-0.8189945260807762,0
0.883517793690669,1.06073655465072,1
-1.1520426699397133,-1.5392233645730977,0
1.3495508343248281,0.7796123487619612,1
1.0653574504847598,0.30464111618787915,1
0.9835321065975214,-0.7328955557667722,1
0.8980275007298488,1.4770243014533957,1
0.6873547166444928,0.017694989356839774,1
1.8166924702144194,0.8691841402426517,1
0.07544400995489653,1.705106767713882,1
1.1398207822370288,0.1670871577850206,1
0.4460966966700207,1.2544425324611341,1
1.6984093517491199,-0.20481682415382374,1
-0.03514279781731933,1.8896899120300636,1
2.1247128202522663,0.2860545200262963,1
0.42932458019198483,-1.446384872140903,1
0.06854700995182439,1.3889975806952193,1
0.7944223735570797,-1.5088874388961457,0
0.9644957453423534,1.101430281997875,1
1.1976734402483955,1.185937194989982,1
-1.851355668970439,0.21264276580020414,0
1.3006590150321506,0.8955266969967008,1
-2.8806180608330862,-2.210435040097848,0
0.3615342824692769,0.7414437333011905,0
0.5180630711632102,0.9695174605353647,1
-1.5894321012265769,-1.5055818313775342,0
0.872003679428162,-0.7903854906620966,0
-1.1676910608178082,1.4061713730696377,0
-1.2184258858819772,1.3764531577353785,0
-1.2186425003214807,1.5272447819162827,0
1.556892085502132,-0.6094511766299243,1
-1.0625065898228627,-0.8699731437872307,0
1.1055908744817151,-1.2042996053308577,1
-1.2370525898559124,1.75104638378211,0
-1.1318137478156398,-3.0341919177358356,1
-0.9761308164133847,0.8197618050179529,0
-1.1009574420903516,1.177775757181238,0
0.6867087697536287,-1.5109447461234826,0
-0.34707322418381825,-1.2242341449504293,0
1.9719426669319673,0.3985269084810782,1
-2.5634158546767516,0.07388029203359037,0
0.9306983712299692,1.7891186025359107,1
0.7576818917167536,1.363174702518266,1
-0.9849977751551959,0.8792594768955919,0
1.7943812785683886,1.1061903333636056,1
-1.0035211339247443,0.8641345482015339,0
-0.22330417493001953,-0.8550371885220306,0
-0.6365895997582308,0.01949446395501786,0
0.3349625218601934,-1.5276322785894618,1
2.0591913036445506,0.11083035075674474,1
-1.0533485860495615,-1.7826464505859456,0
1.322767699978367,-0.7300467433716531,1
-0.970056523650308,1.150522159996588,0
-1.1292421519729035,1.2691735388036944,0
-3.0676251925485523,-0.7985407385901622,0
0.6966253130684263,1.3399113800740925,1
-0.21817272483376904,-1.971008103393252,1
-0.6718935587110123,0.17983679613824166,0
0.36615179323509184,1.3741312170539883,1
0.9197338169821848,-1.1089556296671197,1
-1.0828513695655402,1.2503987424595704,0
1.5862925345282672,0.738214643383116,1
-0.8967774532167152,0.847217725346609,0
-0.812979489788106,0.3577515116987533,0
0.00387792639618989,-1.4037022351454196,0
1.0433372042962017,-0.9937887581454902,1
3.117558405747684,-2.523514618339902,0
-0.7095278167620189,-2.3702081411132276,1
1.7075940842970643,-0.08101277907502291,1
1.4579210658796726,0.6214756034076785,1
0.2041072946563408,1.5239258932741033,1
2.3783227592386362,0.2777337564150648,1
1.3457763034129948,0.7229827879772475,1
0.29264215110545255,1.2048239159410068,1
-1.0847061516741858,1.2620961648538644,0
0.5863386027597353,-1.4278155322501829,1
1.7924721950299287,1.5444987825047014,1
-1.2670796199874848,1.7911390309716315,0
0.4214975151478352,-1.3588856951476906,1
-0.9745092889119769,1.044395693349533,0
0.20229479820658447,1.1803966958945353,1
0.9099911024191655,0.7493614816855587,1
0.3470102343425566,1.9227454808262205,1
-1.8857157418229136,-1.0715628416052867,0
-1.5824753646640821,-1.904834002057611,0
0.8322934816571226,-1.373144422057578,1
1.877289661026039,0.32799096957613205,1
-0.8500260545799998,0.47554764354911716,0
0.9362498603781221,1.1256264687732878,1
2.1241696041159335,0.1432306326750472,1
-1.030975405241415,0.8923354959640084,0
1.8827130267317718,-0.05752352478535627,1
-0.8676366702982583,0.5134979963925292,0
1.1022889407439034,1.1193387642896742,1
-1.032422797523093,1.1576550913244688,0
1.7553750690368322,-0.13693856772997715,1
-1.4005468230839115,-3.372807414911736,1
-1.1823836852184442,1.6194515013410844,0
2.1223288829649007,0.162236781078131,1
-4.060121120418611,-0.7741302627992811,0
1.0354520514401382,1.1421520101903504,1
1.148838928683184,1.1636731734312182,1
0.4314576026836193,1.5818469229189476,1
1.7091180722551056,0.3205446918858902,1
0.25003513558093293,2.498762309237992,1
-0.6319390694814518,-0.41613600823686303,0
1.367930805498022,0.821329082600395,1
-1.078288690799222,-2.827866378770966,1
0.6234705093528231,-0.9898715947385861,1
1.118127952531974,-0.8738264516360743,1
-0.5686731680579458,-0.011977696198368415,0
-0.4227831047168744,1.5824606421928382,1
2.763348758682706,0.7861688905475648,1
-0.6172978248984566,0.08962471633502378,0
0.517479601562198,0.7610757851209671,1
-0.13720112410150231,-2.380492546851601,1
-1.6378427132164868,-1.216225680861426,0
-0.7820351095548168,0.5677161570750252,0
-2.5288790286818332,-2.06063893007231,0
2.0889898511941096,0.15230599494480668,1
0.9793432773797264,-0.28806976151663233,0
-1.0894753835937223,1.2893370922372733,0
-0.8690924411478014,1.0137867585550395,0
-3.9824679016954807,-1.558482032063918,0
0.05208772358690572,-1.6679836247019235,0
2.1120414159565115,0.056767517452436245,1
1.5701128938076896,-0.4051480898682909,1
1.4923861816515305,0.7533301677672202,1
0.11512857784858033,-1.6068568526132032,1
-1.0379983539780697,1.072939312008864,0
0.8978375115181491,-1.1547526606376177,1
9.61203481770756e-05,-1.55430261875384,0
-1.2563091672329851,1.873565232580265,0
-0.660832629845943,-0.5540505292918212,0
-0.5950747652299901,-2.609291556963178,1
0.15872569209306997,-0.5742287306075948,0
1.006998798175197,-1.0883649138837903,1
-1.3817713131868024,-0.4283900283466251,0
-1.2384137716331072,1.4368698006020888,0
-0.6847389043927639,-2.444189392330354,1
-0.6737508774309267,0.04678523334778395,0
-1.9868010145216655,-1.2900515909058141,0
-1.076905503741655,1.1684466640493816,0
1.745844688440874,0.2590489354723532,1
0.2761652817302901,-1.7319759923202813,1
1.5638367396106063,0.3023525735030137,1
0.9711684656703248,1.4840151318028028,1
-0.6828333428828159,-0.04402861171887862,0
-3.428545505505224,-0.06890251749380727,0
-1.7337068785474385,-0.5696653216456111,0
-0.8417599447985467,0.7403548641157645,0
0.5225893445966465,-0.07789100972873575,0
-1.0385926333070725,0.799838287314678,0
1.5722917833403007,0.5634267849654657,0
-0.06278086480079437,-1.9615956025028756,1
0.2738790249908294,-1.8431681830576516,1
-1.1139745302030357,1.4245515268775086,0
-1.2093908844674282,1.796635985551835,0
1.9045663236883699,0.704900720630069,1
-1.9454186701207439,-0.794140568749291,0
1.5604801846339547,-0.42641024333214916,1
2.968657000351479,0.7814510017168397,1
0.0644735476985745,1.2809376249440285,1
0.12854810440072928,1.8431573754178092,1
-3.2049661817043713,-0.9000120770390763,0
0.015891452926248606,-0.5320375009844484,0
-2.6607964066603715,-0.7771706353486441,0
1.1774716964769718,0.8836217537274138,1
-1.1146043938999557,1.1151027110061804,0
-0.28695343261494055,-2.7164979052375067,1
2.510024172791395,-0.09292212893525109,1
1.2890460645775779,0.8885670593454618,1
1.3375677265370574,-0.824102717549889,1
-1.35716136671621,-2.244966865305047,0
0.2039689426322655,-0.28067440982846925,0
-1.3658614011369832,1.8591010560228343,0
0.8528597968215822,0.6387683153745419,1
2.1611095282138004,0.1851978580969995,1
-0.9217174213867598,0.9346971280227295,0
1.2299808414377065,-1.8128328567884568,0
-0.833500436209913,0.5713114166410613,0
-1.2711922670258544,-3.120489900322786,1
0.948306399780767,-1.0248233913836131,1
1.0850477043379223,-1.1152889627799007,1
1.428953702936303,0.6077212364007518,1
-2.475094232445943,-1.6043847017082697,0
-3.091970756992167,-1.523397137193521,0
0.86896558562483,1.2721632629417563,1
0.9487914861341419,-1.0432239822179015,1
1.783529173667617,0.6817210840756626,1
-1.2302476468023067,1.3268278351604343,0
1.9580713609139229,0.6375306669856753,1
0.967015860573267,-1.235359099435784,1
-0.12481209444204555,-0.6116115761497118,0
-0.9632448531791712,1.0853859412881708,0
-1.963248461745633,-0.2647447105801023,0
-1.5797723826111845,-1.4108505140973824,0
-2.102124867706025,-1.3863592701290977,0
-2.4899886209760336,-1.3592518346494489,0
-1.289823635715269,1.8424409103143238,0
-1.0138562521273595,0.9133934537076207,0
-1.1454295182960617,1.2926537750659797,0
-1.2439724920900408,1.8879728184689724,0
-0.8771796590972625,0.7093769166242458,0
-1.2890842599354688,-0.8730555853865831,0
-0.4601695938625704,-0.10227020845718449,0
1.6161320353234716,-0.5652253382400415,1
-0.7277987034548955,-1.2624185516673625,0
-1.8599407592501889,-0.19073841891558652,0
1.3809160194931693,0.5360418417677502,1
-0.520054572828158,-1.8374407253909801,0
-0.0011059455629862658,-1.9725120987754925,1
-0.3200764346126632,0.0988301153343436,0
-1.5284177156984209,-0.31453974075024516,0
0.5523787806418655,1.3361555085080234,1
-1.0869849418299562,1.2053182059666785,0
0.6100582576651328,-1.6085185427495547,1
0.900185892506802,-1.0680427184769827,1
0.41063113620232317,-1.4376220305587801,1
0.7254918411151017,-1.2868352548289752,1
-2.924347355856875,-1.735817526271573,0
-1.247699539543274,1.6234823062041372,0
1.5426136869786398,-0.03449624471050172,1
1.09505141968396,1.611996435746264,1
1.3531184346691276,-0.7480289394242365,1
0.09730556425498749,-1.869581215605363,1
0.9422052669012104,-1.4056504598779815,0
-0.7621781861293381,0.3046487280480372,0
0.4865103595944924,-1.5188517954731204,1
-0.2800474776421601,-0.3220760810418186,0
0.881046008826068,-1.113170989930901,1
-3.1136202019531813,-1.0577065607538452,0
2.7712168686652987,0.15082241547173003,1
0.1581865043268209,-2.273889131555104,0
-2.49205362629342,-0.8184603241364208,0
-0.7540734265834572,-1.2131283689007153,0
-0.650470104659082,0.13304982757944517,0
1.5254570244257102,0.5158326658671476,1
1.8339129564547538,-0.14136433925183856,1
0.6307065248505354,-1.326078210830328,1
-0.9600101775879767,0.5176122891897723,0
0.48692983623555597,-1.4578943936910245,1
0.47816191822302057,1.5789121822355123,1
1.4709169804555684,1.029592258022276,1
-1.3527345270726472,1.9910575812333833,0
-1.1987834961907937,1.4721625307200676,0
1.3071096590199895,0.028884380727585146,1
0.44642375845266835,1.602588511715307,1
-0.4683642280368575,-0.9367074989682409,0
0.17080152460660303,-1.3091246469453446,0
0.3341191785493637,0.9278182617782712,1
-0.07168755605401178,-1.9577510855181912,1
1.1042326232604915,1.1310786786004856,1
0.9202386007501999,0.8004867234320362,1
0.15770215010600297,-1.6737016799665103,1
-0.6132922869192377,-0.2678597719566491,0
1.2684487461701106,1.1805144973755102,1
2.5070767740343602,0.503353787782447,1
-0.12348515411360794,-2.038539939625626,1
1.0215752911087541,1.3855107690808,1
0.8330456418413132,-1.2623572110594359,1
0.659497415340317,-1.4750503682732083,1
0.704226516618925,-0.8701239387294777,1
2.205790530709886,0.4065339036694524,1
2.2317129999323586,0.011049882375467668,1
-0.3711949071115104,-2.198250811901767,1
-0.9409662767174944,0.5990156883130766,0
-1.168720336290158,1.7733911225245382,0
0.8962070491032372,0.5171225677432965,1
0.4988649138804341,-1.4392653062434364,1
0.17435812450465127,-2.527323053797499,0
1.4027989024026755,0.5403949338720356,1
-0.7714425526587003,-0.8631980640751724,0
-1.5680700701837078,-0.6577517128226467,0
-0.7556444528984491,0.6353221922099053,0
0.26223798875011683,-1.7709343950077034,1
0.004533716522232112,-1.7827752377157955,1
0.2993549362385497,-1.636929979324294,1
0.5064073881404694,1.0399281947337353,1
-1.2375586760852189,-1.4118144487906648,0
1.217927483035256,-0.7484242204015081,1
-2.778471177251732,0.013837241489659036,0
-0.7198301472651969,2.7034734211175975,1
-1.9361552503216541,-2.283604406370351,0
-1.0690259050083788,1.3633738449084627,0
0.9588600258264507,0.6836117406793568,1
2.037220505152055,0.04221392621921605,1
0.5059807273226038,-1.3712161546660326,1
-0.9624835647740172,0.9261233531417852,0
1.5769796512652654,-1.3876620443192518,0
1.258658585743909,0.5596357580180948,1
0.6832122943547488,-1.2458600983446486,1
0.21529059041413057,-1.8717011517216957,1
-1.4798044604920653,-1.8706552448435358,0
-0.946108675135484,1.0237773996797166,0
0.9576804951817947,-1.130064464652216,1
1.3294304962725034,0.6702848947049515,1
0.3565050443599832,-1.865872158227031,1
2.084118486119986,-0.16795749308822028,1
-1.5662663551484566,-1.6412797213313515,0
-1.4168791012145245,2.375950331416689,0
-2.435288668004437,-2.0214730001694825,0
-1.4650276225109888,-0.3966577867217753,0
-1.5562660531744166,2.121728797416666,0
-1.4197742794650328,-3.142605185973648,0
0.587503227048388,0.3019223066394462,1
-1.1047988812035163,-1.6966726966139767,0
-0.2683169866498203,-2.311256144678558,1
1.657449389768713,0.4171146793118522,1
-1.1576154268152596,1.4850553869600407,0
-0.6703657817667472,0.12755777874732455,0
1.5907692852545172,-0.22451282150679086,1
1.3940033015214137,-0.29164391751299323,1
-0.6300695384148913,-2.5426721527618197,1
-0.9807196444150216,1.1871471805872078,0
-1.1766832962063918,1.3360451352911424,0
-0.32447218458394067,-0.8009777336394037,0
1.4065456336308468,1.2890470755037857,1
1.0218945593730993,0.8437708831415919,1
-1.1547366942933717,1.1794042440763453,0
-0.92486452297499,0.9064617927157491,0
-3.659259044308589,-2.6931152554882853,0
-1.4339073514665779,-0.2108050176040822,0
-0.8669582122262713,0.4633222297797085,0
0.2961440390125054,-0.8169944772645712,0
0.5876105500769988,-1.4225501739582924,1
0.902339788482898,1.4487006803913003,1
0.9241454261845413,0.9083224530314445,1
1.2591329075611855,-0.5939807717508752,1
-0.7506922558712819,0.2876345480775313,0
-0.569295565606646,-1.4818536334549925,0
-0.6064867292681607,0.023715631256853276,0
-0.2884673807022,-2.25756819623314,1
-0.06554097960681271,2.0401951480826543,1
2.1546469318897685,0.3022225291723586,1
0.4849233697383004,1.3119763760174399,1
0.765363101391162,0.6342128391323651,1
0.07709465927479275,-1.6928377228899372,1
0.7385819938800222,-1.014088399702742,1
-0.6307723184968859,-0.24477635413348775,0
-1.5421957300637976,-0.7596779310497188,0
2.0567068770390415,0.3410433655798689,1
-3.4367969542089254,-1.1538434468416354,0
-1.2887015165107898,-1.944876194156231,0
1.727756819162055,-0.16458019208861518,1
1.8465375041229293,-0.36281947682040183,0
-1.35535131112197,1.9837676241190678,0
0.8636638944229629,-1.1693126069566488,1
0.8010796558033804,-1.205859239586977,1
0.7153146174947373,0.7507029302630507,1
-2.0752510551051464,-1.5703932050583664,0
-1.0301616371576752,-1.5844180410288615,0
0.07963099900372761,-1.6669108937353647,1
-2.7834210906750396,-2.380609643703564,0
0.4351074662301333,-1.4498900099681162,1
-0.46275277512720736,2.313279619943864,1
-1.1965013830852391,1.5259250301873017,0
-3.5334915462271486,-0.8497761304508544,0
-2.2995742451878725,-0.6395503992111924,0
-0.10743674427853356,1.6682694771080462,1
-2.0067172705229965,-0.500206656642834,0
0.3017219254816459,-1.094212916600939,0
0.49878827333503584,0.6907629065733211,1
-0.8421847709624152,0.4805575814139307,0
1.99799990591581,0.2054459603206109,1
0.5170381607348915,-1.357252878048354,1
1.3627841469626358,-0.4312628835870942,1
2.1702403183203534,0.1783117456216845,1
-1.1805441930851315,1.3843217874625386,0
0.6353610400759796,-1.5117374513338349,1
-0.7023479958437778,0.20811895466647412,0
-1.9602146993566112,-0.5302483786796808,0
-2.4164938492005175,-0.5612498904840464,0
-0.22104943104209407,-2.363528113868375,1
-1.294473806473817,-0.7702983478740618,0
0.7308295599030927,0.7591330312012301,1
-0.649502668849921,-0.6168965467552914,0
-0.586459510539018,-1.5166342491770022,0
0.04469223525376931,-1.2212075348010454,0
-0.4331251784519886,-2.3311038533052693,0
1.4906005894095429,0.5508403820742531,1
3.4934222636385064,1.4094155631765295,1
-1.3391718283667702,1.8288763490863822,0
1.3604835825190562,-0.600011471340207,1
-1.2337054485682286,1.6490687976953944,0
0.2960230531983784,1.6641731806236268,1
1.8947803887252663,0.8791637863340883,1
0.3673479774427645,1.4796241416456886,1
0.7982066979134019,-1.2311397897502927,1
-2.054016787658548,-1.0614122856794945,0
1.093087529724055,-1.6839343712553885,0
2.0683014069886294,0.24409023854692546,1
0.12281210853533775,-1.8367738428593472,1
-1.0934606564516662,1.193642115532308,0
-1.5628445213528444,-0.626192663405574,0
-1.0734978522385838,0.9312538819511988,0
0.28230548146572176,-0.1778784421189673,0
1.4431473713755008,-0.6774014374563877,1
1.5005492205417506,-0.6628634836265307,0
0.7316363315532965,-1.146787520132996,1
2.127244359148809,-0.20461057943425853,1
0.5929488633724576,2.3018568284705268,1
0.8939959391565052,0.9205749260458989,1
-0.2432537639320589,-1.9957785047021461,1
3.0774734935544794,0.9120413112777526,1
-0.1374404219522214,-2.0489363746398186,1
1.3537119765180827,-0.5559777901983551,1
-1.0583028895839044,1.1363934935981725,0
-1.4653271859766144,2.2610888933555833,0
0.620995550690338,1.2314460490860637,1
-0.8901849087882837,0.7219881063521361,0
1.0773147450344247,-0.68209247822795,1
-0.7569945846828127,0.18917154413429094,0
-0.878605342719811,0.9134285980820079,0
0.8161272963938585,-1.2772234790207766,1
1.1657255976077538,-0.7414687385554305,1
-1.2372860384776225,1.6379329163471292,0
1.2019470112007922,1.171087068168818,1
-0.6235314516500863,0.2191301976122113,0
-0.7001421795257723,0.006435764124788079,0
-3.2134286248805872,-1.4274638908833888,0
-0.9721527784643749,0.6051723815539295,0
-0.809311296474577,0.46830238141821157,0
0.6842263121229695,-1.2340704269173635,1
-1.0022639345999964,1.0354385001966153,0
1.2697650266701361,1.3529861938363617,1
0.6586831861439608,1.964522732717704,1
1.5336647298571313,-0.56706140659991,1
0.603343434777486,-1.1894334189331857,1
1.5138329498574916,0.45347114519565457,1
-0.8348180938495022,0.4868095475049471,0
0.8039505601074118,1.1946269482051117,1
0.9706481522416073,0.7211806835896669,1
-0.9107292049638066,0.6350697465232236,0
1.4201528579274587,-0.3154231042137031,1
-1.0446422457068716,1.101069854965263,0
-1.2530734152594178,0.07574039237897279,0
1.8724050469758264,-0.0044170275963664185,1
-1.8237229195610283,-2.162155347557272,0
1.9257296103250603,0.5614052380997303,1
1.6699558041821292,0.4415558439406908,1
1.095654659843495,-0.8812499143899895,1
0.6088426742483903,-0.06677090234326544,0
0.7836547634876356,1.3605629015868563,1
-1.5845513456241629,-0.9730420046748934,0
-1.0313367481481759,0.6448597732000294,0
-0.041177289999219324,-2.0511218073471724,1
0.9060392635956028,1.3665972974216078,1
-1.1873978979115614,1.7215188968389796,0
1.4607290641090764,-0.4692041166553981,1
-0.8502912419976579,0.4383476715534058,0
0.5737999008800619,1.1824436766116375,1
-1.7602170218738808,-1.9143182931185214,0
-1.786570314860769,-0.2805497945815387,0
3.6196014766018934,-0.3567887887532255,1
-3.139535627840319,-2.0236354110148493,0
2.4024893730677546,0.5056797952470629,1
-1.4067556252636182,-1.8091668406195591,0
-2.1662904751871315,-1.612151276954859,0
0.08310344423757299,1.4198459623894735,1
0.8321703314255952,-1.3094687124066886,1
-1.2843766162617647,-3.247823755924621,1
-0.9738201851926976,0.8801662393353675,0
-0.7205117459067238,0.26156581456521344,0
-1.0207942824609801,1.034839376591257,0
0.33620590660324967,1.4650801499895378,1
0.5087557053871803,-1.4657544360585317,1
-1.1772914240317423,1.3540745263182905,0
-1.2319266605144428,1.456258354801463,0
0.4365912100930651,-1.4592946868519958,1
2.6224042621268193,0.44581231183286296,1
1.2713169745983381,-0.4576227437714765,1
-0.848165180683012,-1.7307655316641881,0
-0.9339180603218091,0.8366235585605358,0
-0.22162997180986643,-0.03810477349352237,0
-0.8630049888394922,0.6713686598597797,0
-1.0091927495596433,-0.9795244247074438,0
-1.0473704980848535,1.1986139627252324,0
0.08182871040314321,-1.490408716661637,0
-0.05756534991932938,0.1912394674574287,0
1.3731730104657285,-0.456402150586824,1
0.5504850311254533,0.6860501593243717,1
0.15885792488625006,-1.6943285492243347,1
2.6420703893501876,-0.5300326510695657,0
-1.2084642857301644,-0.4730912518795597,0
0.6842006487729501,1.5712587545308179,1
1.6314791163282312,-0.4752500211359414,1
-1.0703157143516115,0.9865474370020935,0
-3.105107084283058,-1.7283218828785556,0
-1.1365495153153016,1.4408584658677153,0
-1.1811521878804982,-0.32116768653816574,0
1.0465830537493623,1.1743665568614916,1
1.2456717520074652,1.444534816134592,1
0.13887523391554113,1.8881441240466827,1
1.3336915146641717,0.42053813020095554,1
-1.969904452778657,-1.3788321383080164,0
1.8431065682037469,-0.1569559864383392,1
1.853790711127706,0.5866319836429921,1
-0.8208521660446932,-0.800033609755336,0
-0.7856408580413778,0.5496381293168187,0
-1.181287125599416,-2.6229041856651185,0
-0.05911912960312837,-1.6726937393554773,1
0.22221734792803793,1.0467520146076192,1
0.9068635444752715,1.0573008956669916,1
0.48798288106441146,-1.161685809085645,1
0.33592487371200963,-1.9256161171318968,1
1.7151119814253932,0.4453313972153218,1
0.36841718429713977,-0.37785125100660755,0
1.1413017031530521,1.061173848739902,1
1.503605072539929,0.899865834117212,1
